titulo,autor,interprete,tom,letra,cifra,link_referencia,observacao
180 GRAUS,Ministério Missionário Shalom,Ministério Missionário Shalom,"",https://www.cifraclub.com.br/missionario-shalom/180-graus/,https://www.cifraclub.com.br/missionario-shalom/180-graus/,https://www.youtube.com/results?search_query=Ministério+Missionário+Shalom+180+Graus,Pós-comunhão / oração / ação de graças
A BÍBLIA É A PALAVRA DE DEUS,"","","","","","",Entrada / Palavra de Deus
A BÍBLIA É COMUNICAÇÃO,Músicas Católicas,Músicas Católicas,Cm,https://www.cifraclub.com.br/catolicas/a-biblia-comunicacao/,https://www.cifraclub.com.br/catolicas/a-biblia-comunicacao/,https://www.youtube.com/results?search_query=M%C3%BAsicas+Cat%C3%B3licas+A+B%C3%8DBLIA+%C3%89+COMUNICA%C3%87%C3%83O,Canto final / missão e anúncio da Palavra
A CHAVE DO CORAÇÃO,Adriana Arydes,Adriana Arydes,"",https://www.cifraclub.com.br/adriana/a-chave-do-coracao/,https://www.cifraclub.com.br/adriana/a-chave-do-coracao/,https://www.youtube.com/results?search_query=Adriana+Arydes+A+Chave+do+Coração,Pós-comunhão / oração / ação de graças
A CRUZ SAGRADA,Canção Nova,Canção Nova,"",https://www.cifraclub.com.br/cancao-nova/a-cruz-sagrada/,https://www.cifraclub.com.br/cancao-nova/a-cruz-sagrada/,https://www.youtube.com/results?search_query=Canção+Nova+A+Cruz+Sagrada,Pós-comunhão / oração / ação de graças
A CRUZ SAGRADA SEJA A MINHA LUZ,Canção Nova,Canção Nova,"",https://www.cifraclub.com.br/cancao-nova/a-cruz-sagrada-seja-a-minha-luz/,https://www.cifraclub.com.br/cancao-nova/a-cruz-sagrada-seja-a-minha-luz/,https://www.youtube.com/results?search_query=Canção+Nova+A+Cruz+Sagrada+Seja+a+Minha+Luz,Pós-comunhão / oração / ação de graças
A ELE A GLÓRIA,Canção Nova,Canção Nova,"",https://www.cifraclub.com.br/cancao-nova/a-ele-a-gloria/,https://www.cifraclub.com.br/cancao-nova/a-ele-a-gloria/,https://www.youtube.com/results?search_query=Canção+Nova+A+Ele+a+Glória,Pós-comunhão / oração / ação de graças
A FORÇA DA EUCARISTIA,Ir. Míria T. Kolling,Ir. Míria T. Kolling,"","","",https://www.youtube.com/watch?v=czSDh21BdEQ,Comunhão / força da Eucaristia
A MESA SANTA,Almir Dos Reis,CNBB,B,https://www.cifraclub.com.br/cnbb/a-mesa-santa/,https://www.cifraclub.com.br/cnbb/a-mesa-santa/,"","Apresentação das oferendas / Pão, vinho, trabalho e vida"
A MISSA TERMINOU,Pe. José Fernandes,Músicas Católicas,A,https://www.cifraclub.com.br/catolicas/a-missa-terminou/,https://www.cifraclub.com.br/catolicas/a-missa-terminou/,https://www.youtube.com/results?search_query=M%C3%BAsicas+Cat%C3%B3licas+A+MISSA+TERMINOU,Canto final / envio missionário; a celebração termina e começa a missão
A MORTE JÁ NÃO MATA MAIS,Waldeci Farias,Waldeci Farias,"","","","",Apresentação das oferendas / Todos os Santos
"A NÓS DESCEI, DIVINA LUZ",Reginaldo Veloso,CNBB / Música Litúrgica,"","","",https://www.youtube.com/watch?v=UcAo7Nzf-mg,Pentecostes / invocação ao Espírito Santo
A OFERTA DE MARIA,Ministério Amor e Adoração,Ministério Amor e Adoração,"",https://www.cifraclub.com.br/ministerio-amor-e-adoracao/a-oferta-de-maria/,https://www.cifraclub.com.br/ministerio-amor-e-adoracao/a-oferta-de-maria/,https://www.youtube.com/results?search_query=Ministério+Amor+e+Adoração+A+Oferta+de+Maria,Apresentação das oferendas
A OVELHA SOU EU,Toca de Assis,Toca de Assis,"","","","",Reconciliação / ato penitencial
A PALAVRA DE DEUS NOS CONVIDA,"","","","","","",Entrada / Palavra de Deus
A PAZ,Canção Nova,Canção Nova,"",https://www.cifraclub.com.br/cancao-nova/a-paz/,https://www.cifraclub.com.br/cancao-nova/a-paz/,https://www.youtube.com/results?search_query=Canção+Nova+A+Paz,Pós-comunhão / oração / ação de graças
A PORTA DO CÉU,Comunidade Católica Shalom,Comunidade Católica Shalom,"",https://www.cifraclub.com.br/comunidade-catolica-shalom/a-porta-do-ceu/,https://www.cifraclub.com.br/comunidade-catolica-shalom/a-porta-do-ceu/,https://www.youtube.com/results?search_query=Comunidade+Católica+Shalom+A+Porta+do+Céu,Pós-comunhão / oração / ação de graças
A PROCURA,Ministério Amor e Adoração,Ministério Amor e Adoração,"",https://www.cifraclub.com.br/ministerio-amor-e-adoracao/a-procura/,https://www.cifraclub.com.br/ministerio-amor-e-adoracao/a-procura/,https://www.youtube.com/results?search_query=Ministério+Amor+e+Adoração+A+Procura,Pós-comunhão / oração / ação de graças
A SANTIDADE EU VOU BUSCAR,Ministério Missionário Shalom,Ministério Missionário Shalom,"",https://www.cifraclub.com.br/missionario-shalom/a-santidade-eu-vou-buscar/,https://www.cifraclub.com.br/missionario-shalom/a-santidade-eu-vou-buscar/,https://www.youtube.com/results?search_query=Ministério+Missionário+Shalom+A+Santidade+Eu+Vou+Buscar,Pós-comunhão / oração / ação de graças
A SÓS CONTIGO,Ministério Amor e Adoração,Ministério Amor e Adoração,"",https://www.cifraclub.com.br/ministerio-amor-e-adoracao/a-sos-contigo/,https://www.cifraclub.com.br/ministerio-amor-e-adoracao/a-sos-contigo/,https://www.youtube.com/results?search_query=Ministério+Amor+e+Adoração+A+Sós+Contigo,Pós-comunhão / oração / ação de graças
A TERRA AMIGA,"Frei José Moacyr Cadenassi, OFMCap; música: Frei José Luiz Prim, OFM","Frei José Luiz Prim, OFM","","","","",Apresentação das oferendas / Celebrações marianas
A TERRA APAVORADA EMUDECEU,"Frei Joel Postma, OFM","Frei Joel Postma, OFM","","","","",Comunhão / Ascensão do Senhor
A TREZE DE MAIO,Repertório católico tradicional,Músicas Católicas,"","","",https://www.youtube.com/results?search_query=M%C3%BAsicas+Cat%C3%B3licas+A+TREZE+DE+MAIO,Mariana / Nossa Senhora de Fátima
A TUA TERNURA,Comunidade Católica Shalom,Comunidade Católica Shalom,Ab,https://www.cifraclub.com.br/comunidade-catolica-shalom/a-tua-ternura/,https://www.cifraclub.com.br/comunidade-catolica-shalom/a-tua-ternura/,https://www.youtube.com/results?search_query=Comunidade+Católica+Shalom+A+Tua+Ternura,Pós-comunhão / oração / ação de graças
A VIDA DOS JUSTOS,"Graduale Romanum; Liturgia das Horas; música: Fr. Joel Postma, OFM","Fr. Joel Postma, OFM","","","","",Apresentação das oferendas / Todos os Santos / Fiéis Defuntos
A VOSSA GRAÇA,Canção Nova,Canção Nova,"",https://www.cifraclub.com.br/cancao-nova/a-vossa-graca/,https://www.cifraclub.com.br/cancao-nova/a-vossa-graca/,https://www.youtube.com/results?search_query=Canção+Nova+A+Vossa+Graça,Pós-comunhão / oração / ação de graças
"A VÓS, SENHOR, APRESENTAMOS",Elvira Dordlom,CNBB,Ab,https://www.cifraclub.com.br/cnbb/a-vos-senhor-apresentamos/,https://www.cifraclub.com.br/cnbb/a-vos-senhor-apresentamos/,"","Apresentação das oferendas / Pão, vinho e Salmo 115"
ABRAÇO DE PAI,Adriana Arydes,Adriana Arydes,A,https://www.cifraclub.com.br/adriana/abraco-de-pai/,https://www.cifraclub.com.br/adriana/abraco-de-pai/,"",Oração / misericórdia / ação de graças
ABRAÇO ETERNO,Padre Fábio de Melo,Padre Fábio de Melo,"",https://www.cifraclub.com.br/pe-fabio-de-melo/abraco-eterno/,https://www.cifraclub.com.br/pe-fabio-de-melo/abraco-eterno/,https://www.youtube.com/results?search_query=Padre+Fábio+de+Melo+Abraço+Eterno,Pós-comunhão / oração / ação de graças
ABRO AS PORTAS,Comunidade Católica Shalom,Comunidade Católica Shalom,"",https://www.cifraclub.com.br/comunidade-catolica-shalom/abro-as-portas/,https://www.cifraclub.com.br/comunidade-catolica-shalom/abro-as-portas/,https://www.youtube.com/results?search_query=Comunidade+Católica+Shalom+Abro+as+Portas,Pós-comunhão / oração / ação de graças
ACALMA MINHA TEMPESTADE,Frei Gilson,Frei Gilson,G,https://www.letras.mus.br/frei-gilson/3107418/,https://www.cifraclub.com.br/frei-gilson/acalma-minha-tempestade/,"",Oração / confiança
"ACEITA, SENHOR, COM PRAZER",Reginaldo Veloso; música: Daniel De Angeles,CNBB / Música Litúrgica,"","","","",Apresentação das oferendas / Quaresma
ACLAMAÇÃO AO EVANGELHO - ADVENTO,Católica,Músicas Católicas,Gm,https://www.cifraclub.com.br/catolicas/aclamacao-ao-evangelho-advento/,https://www.cifraclub.com.br/catolicas/aclamacao-ao-evangelho-advento/,"",Aclamação ao Evangelho própria para o Advento
"ADORAR-TE, SENHOR",Comunidade Católica Shalom,Comunidade Católica Shalom,"","","",https://www.youtube.com/results?search_query=Comunidade+Cat%C3%B3lica+Shalom+ADORAR-TE%2C+SENHOR,Adoração / louvor
ADORAÇÃO,Renato Borges Neto; Gustavo Osterno,Comunidade Católica Shalom,E,https://www.cifraclub.com.br/comunidade-catolica-shalom/adoracao/,https://www.cifraclub.com.br/comunidade-catolica-shalom/adoracao/,https://www.youtube.com/results?search_query=Comunidade+Cat%C3%B3lica+Shalom+ADORA%C3%87%C3%83O,Pós-comunhão / adoração
AGNUS DEI,Comunidade Católica Shalom,Comunidade Católica Shalom,"",https://www.cifraclub.com.br/comunidade-catolica-shalom/agnus-dei/,https://www.cifraclub.com.br/comunidade-catolica-shalom/agnus-dei/,https://www.youtube.com/results?search_query=Comunidade+Católica+Shalom+Agnus+Dei,Cordeiro de Deus
ALEGRES VAMOS À CASA DO PAI,"","","","","","",Entrada / reunião da assembleia
ALELUIA,Ministério Amor e Adoração,Ministério Amor e Adoração,"",https://www.cifraclub.com.br/ministerio-amor-e-adoracao/aleluia/,https://www.cifraclub.com.br/ministerio-amor-e-adoracao/aleluia/,https://www.youtube.com/results?search_query=Ministério+Amor+e+Adoração+Aleluia,Aclamação / Palavra
ALELUIA - ACLAMAÇÃO AO EVANGELHO,Canção Nova,Canção Nova,"",https://www.cifraclub.com.br/cancao-nova/aleluia-aclamacao-ao-evangelho/,https://www.cifraclub.com.br/cancao-nova/aleluia-aclamacao-ao-evangelho/,https://www.youtube.com/results?search_query=Canção+Nova+Aleluia+-+Aclamação+ao+Evangelho,Aclamação / Palavra
"ALELUIA, ACLAMEMOS A PALAVRA DO SENHOR",Músicas Católicas,Músicas Católicas,Cm,https://www.cifraclub.com.br/catolicas/aleluia-aclamemos-a-palavra-do-senhor/,https://www.cifraclub.com.br/catolicas/aleluia-aclamemos-a-palavra-do-senhor/,"",Aclamação ao Evangelho / uso geral fora da Quaresma
"ALELUIA, ALELUIA! VAMOS ACLAMAR O EVANGELHO",Músicas Católicas,Músicas Católicas,A,https://www.cifraclub.com.br/catolicas/aleluia-aleluia-vamos-aclamar-o-evangelho-a-aleluia/,https://www.cifraclub.com.br/catolicas/aleluia-aleluia-vamos-aclamar-o-evangelho-a-aleluia/,"",Aclamação ao Evangelho / uso geral fora da Quaresma
"ALELUIA, EU SOU O PÃO DA VIDA","Pe. José Weber, SVD","Pe. José Weber, SVD","","","","",Aclamação ao Evangelho / Corpus Christi; referência no Hinário Litúrgico da CNBB
"ALELUIA, EU SOU O PÃO VIVO",Ir. Janete Stürmer,Ir. Janete Stürmer,"","","",https://www.youtube.com/watch?v=WWsl5DciSLs,Aclamação ao Evangelho / Corpus Christi
"ALELUIA, EU TE LOUVO, Ó PAI SANTO",Reginaldo Veloso,Reginaldo Veloso,"","","","",Aclamação ao Evangelho / Comemoração dos Fiéis Defuntos
"ALELUIA, GLÓRIA AO PAI",Ir. Míria T. Kolling,Ir. Míria T. Kolling,"","","","",Aclamação ao Evangelho / Santíssima Trindade
"ALELUIA, MARIA É ELEVADA",Valdeci Farias; José Acácio Santana,CNBB / Música Litúrgica,"","","","",Aclamação ao Evangelho / Assunção de Nossa Senhora
"ALELUIA, NÓS VOS ADORAMOS","Frei Fabreti, OFM","Frei Fabreti, OFM","","","","",Aclamação ao Evangelho / Exaltação da Santa Cruz
"ALELUIA, VINDE A MIM",Reginaldo Veloso,Reginaldo Veloso,"","","","",Aclamação ao Evangelho / Todos os Santos
"ALELUIA, VINDE ESPÍRITO",Fr. Joel Postma,Fr. Joel Postma,"","","",https://www.youtube.com/watch?v=7HdHVsBdE0w,Aclamação ao Evangelho / Pentecostes
"ALELUIA, VINDE, ESPÍRITO SANTO","Frei Fabreti, OFM","Frei Fabreti, OFM","","","",https://www.youtube.com/watch?v=SlJDn4Tz-3c,Aclamação ao Evangelho / Pentecostes
"ALELUIA, É ESTA A VONTADE DE QUEM ME ENVIOU",D.R.,D.R.,"","","","",Aclamação ao Evangelho / Comemoração dos Fiéis Defuntos
ALGUÉM DO POVO EXCLAMA,Músicas Católicas,Músicas Católicas,G,https://www.cifraclub.com.br/catolicas/alguem-do-povo-exclama-aclamacao-do-evangelho/,https://www.cifraclub.com.br/catolicas/alguem-do-povo-exclama-aclamacao-do-evangelho/,"",Aclamação ao Evangelho / uso geral; conferir versículo com a celebração
ALMA DE CRISTO,Comunidade Católica Shalom,Comunidade Católica Shalom,C,https://www.cifraclub.com.br/comunidade-catolica-shalom/alma-de-cristo/,https://www.cifraclub.com.br/comunidade-catolica-shalom/alma-de-cristo/,https://www.youtube.com/results?search_query=Comunidade+Católica+Shalom+Alma+de+Cristo,Comunhão / Eucaristia
AMADOS POR DEUS,Comunidade Católica Shalom,Comunidade Católica Shalom,"",https://www.cifraclub.com.br/comunidade-catolica-shalom/amados-por-deus/,https://www.cifraclub.com.br/comunidade-catolica-shalom/amados-por-deus/,https://www.youtube.com/results?search_query=Comunidade+Católica+Shalom+Amados+por+Deus,Pós-comunhão / oração / ação de graças
AMADOS POR DEUS / GLÓRIA SHALOM,Comunidade Católica Shalom,Comunidade Católica Shalom,"",https://www.cifraclub.com.br/comunidade-catolica-shalom/amados-por-deus-gloria-shalom/,https://www.cifraclub.com.br/comunidade-catolica-shalom/amados-por-deus-gloria-shalom/,https://www.youtube.com/results?search_query=Comunidade+Católica+Shalom+Amados+Por+Deus+/+Glória+Shalom,Pós-comunhão / oração / ação de graças
AMAR-TE MAIS,Davidson Silva,Davidson Silva,"",https://www.cifraclub.com.br/davidson-silva/amar-te-mais/,https://www.cifraclub.com.br/davidson-silva/amar-te-mais/,https://www.youtube.com/results?search_query=Davidson+Silva+Amar-te+Mais,Pós-comunhão / oração / ação de graças
AMOR NÃO AMADO,Comunidade Católica Shalom,Comunidade Católica Shalom,"",https://www.cifraclub.com.br/comunidade-catolica-shalom/amor-nao-amado/,https://www.cifraclub.com.br/comunidade-catolica-shalom/amor-nao-amado/,https://www.youtube.com/results?search_query=Comunidade+Católica+Shalom+Amor+Não+Amado,Pós-comunhão / oração / ação de graças
AMÉM,Comunidade Católica Shalom,Comunidade Católica Shalom,"",https://www.cifraclub.com.br/comunidade-catolica-shalom/amem/,https://www.cifraclub.com.br/comunidade-catolica-shalom/amem/,https://www.youtube.com/results?search_query=Comunidade+Católica+Shalom+Amém,Pós-comunhão / oração / ação de graças
ANJOS DO SENHOR,Paulo Neto,Paulo Neto,"","","","",Comunhão / Santos Arcanjos / Daniel 3
ANTÍFONAS DE ADORAÇÃO,Comunidade Católica Shalom,Comunidade Católica Shalom,"",https://www.cifraclub.com.br/comunidade-catolica-shalom/antifonas-de-adoracao/,https://www.cifraclub.com.br/comunidade-catolica-shalom/antifonas-de-adoracao/,https://www.youtube.com/results?search_query=Comunidade+Católica+Shalom+Antífonas+de+Adoração,Adoração
AO OUVIR TUA VOZ,Comunidade Católica Shalom,Comunidade Católica Shalom,"",https://www.cifraclub.com.br/comunidade-catolica-shalom/ao-ouvir-tua-voz/,https://www.cifraclub.com.br/comunidade-catolica-shalom/ao-ouvir-tua-voz/,https://www.youtube.com/results?search_query=Comunidade+Católica+Shalom+Ao+Ouvir+Tua+Voz,Pós-comunhão / oração / ação de graças
AOS MÚSICOS,Canção Nova,Canção Nova,"",https://www.cifraclub.com.br/cancao-nova/aos-musicos/,https://www.cifraclub.com.br/cancao-nova/aos-musicos/,https://www.youtube.com/results?search_query=Canção+Nova+Aos+Músicos,Pós-comunhão / oração / ação de graças
APAIXONADO,Davidson Silva,Davidson Silva,"",https://www.cifraclub.com.br/davidson-silva/apaixonado/,https://www.cifraclub.com.br/davidson-silva/apaixonado/,https://www.youtube.com/results?search_query=Davidson+Silva+Apaixonado,Pós-comunhão / oração / ação de graças
APRESSADAMENTE,Ministério Amor e Adoração,Ministério Amor e Adoração,"",https://www.cifraclub.com.br/ministerio-amor-e-adoracao/apressadamente/,https://www.cifraclub.com.br/ministerio-amor-e-adoracao/apressadamente/,https://www.youtube.com/results?search_query=Ministério+Amor+e+Adoração+Apressadamente,Pós-comunhão / oração / ação de graças
AS MURALHAS,Ministério Amor e Adoração,Ministério Amor e Adoração,"",https://www.cifraclub.com.br/ministerio-amor-e-adoracao/as-muralhas/,https://www.cifraclub.com.br/ministerio-amor-e-adoracao/as-muralhas/,https://www.youtube.com/results?search_query=Ministério+Amor+e+Adoração+As+Muralhas,Pós-comunhão / oração / ação de graças
ATO PENITENCIAL - 3ª FÓRMULA DO ADVENTO,Missal Romano,Missal Romano,Dm,https://www.cifraclub.com.br/missal-romano/ato-penitencial-2-formula-do-advento/versao-2.html,https://www.cifraclub.com.br/missal-romano/ato-penitencial-2-formula-do-advento/versao-2.html,"",Ato penitencial / Advento / reconciliação
ATO PENITENCIAL - SENHOR BOM PASTOR,Músicas Católicas,Músicas Católicas,Ab,https://www.cifraclub.com.br/catolicas/ato-penitencial-senhor-bom-pastor/,https://www.cifraclub.com.br/catolicas/ato-penitencial-senhor-bom-pastor/,https://www.youtube.com/watch?v=x4MKV8j-1DA,Ato penitencial / Bom Pastor
ATO PENITENCIAL - SENHOR QUE SOIS O CAMINHO,Missa,Missa,Eb,https://www.cifraclub.com.br/missa/ato-penitencial/,https://www.cifraclub.com.br/missa/ato-penitencial/,"",Ato penitencial / Tempo Comum
ATO PENITENCIAL - TEMPO PASCAL - SENHOR QUE PELO ESPÍRITO SANTO,Músicas Católicas,Músicas Católicas,G,https://www.cifraclub.com.br/catolicas/melodia-ato-penitencial-pascoa-formula-3-senhor-que-pelo-espirito-santo/,https://www.cifraclub.com.br/catolicas/melodia-ato-penitencial-pascoa-formula-3-senhor-que-pelo-espirito-santo/,"",Ato penitencial / Tempo Pascal
ATO PENITENCIAL - TEMPO PASCAL - SENHOR QUE SUBINDO AO CÉU,Marcus Vinícius Lima,Marcus Vinícius Lima,E,https://www.cifraclub.com.br/marcus-vinicius-lima/ato-penitencial-tempo-pascal-3-opcao-senhor-que-subindo-ao-ceu/,https://www.cifraclub.com.br/marcus-vinicius-lima/ato-penitencial-tempo-pascal-3-opcao-senhor-que-subindo-ao-ceu/,"",Ato penitencial / Tempo Pascal
ATO PENITENCIAL DO ADVENTO,Cláudio Santos; Jonas Rodrigues,Músicas Católicas,E,https://www.cifraclub.com.br/catolicas/ato-penitencial-do-advento/sjwhthm.html,https://www.cifraclub.com.br/catolicas/ato-penitencial-do-advento/sjwhthm.html,"",Ato penitencial / Advento
ATO PENITENCIAL | KYRIE ELEISON,Canção Nova,Canção Nova,"",https://www.cifraclub.com.br/cancao-nova/ato-penitencial-kyrie-eleison/,https://www.cifraclub.com.br/cancao-nova/ato-penitencial-kyrie-eleison/,https://www.youtube.com/results?search_query=Canção+Nova+Ato+Penitencial+|+Kyrie+Eleison,Ato penitencial
ATÉ OS CONFINS DA TERRA,Comunidade Católica Shalom,Comunidade Católica Shalom,"",https://www.cifraclub.com.br/comunidade-catolica-shalom/ate-os-confins-da-terra/,https://www.cifraclub.com.br/comunidade-catolica-shalom/ate-os-confins-da-terra/,https://www.youtube.com/results?search_query=Comunidade+Católica+Shalom+Até+Os+Confins+da+Terra,Envio / encerramento
AVE DE FÁTIMA,Repertório católico tradicional,Músicas Católicas,"","","",https://www.youtube.com/results?search_query=M%C3%BAsicas+Cat%C3%B3licas+AVE+DE+F%C3%81TIMA,Mariana / Nossa Senhora de Fátima
AVE MARIA,"Pe. Zezinho, SCJ",Padre Zezinho,"","","",https://www.youtube.com/results?search_query=Padre+Zezinho+AVE+MARIA,Mariana / Ave-Maria
"AVE, RAINHA DO CÉU",Liturgia das Horas; música: Pe. José Weber,Pe. José Weber,"","","",https://www.youtube.com/results?search_query=Pe.+Jos%C3%A9+Weber+AVE%2C+RAINHA+DO+C%C3%89U,Canto final / antífona mariana; indicada pela CNBB
"AVE, RAINHA DO CÉU (VIRGEM MÃE, Ó MARIA)",Liturgia das Horas; música: D.R.,CNBB / Música Litúrgica,"","","",https://www.youtube.com/results?search_query=CNBB+%2F+M%C3%BAsica+Lit%C3%BArgica+AVE%2C+RAINHA+DO+C%C3%89U+%28VIRGEM+M%C3%83E%2C+%C3%93+MARIA%29,Canto final / antífona mariana / Tempo Comum
BANQUETE ETERNO,Comunidade Católica Shalom,Comunidade Católica Shalom,"",https://www.cifraclub.com.br/comunidade-catolica-shalom/banquete-eterno/,https://www.cifraclub.com.br/comunidade-catolica-shalom/banquete-eterno/,https://www.youtube.com/results?search_query=Comunidade+Católica+Shalom+Banquete+Eterno,Comunhão / Eucaristia
BASTA UMA SÓ PALAVRA,Ministério Amor e Adoração,Ministério Amor e Adoração,"",https://www.cifraclub.com.br/ministerio-amor-e-adoracao/basta-uma-so-palavra/,https://www.cifraclub.com.br/ministerio-amor-e-adoracao/basta-uma-so-palavra/,https://www.youtube.com/results?search_query=Ministério+Amor+e+Adoração+Basta+Uma+Só+Palavra,Pós-comunhão / oração / ação de graças
BELO AMOR DE DEUS,Davidson Silva,Davidson Silva,"",https://www.cifraclub.com.br/davidson-silva/belo-amor-de-deus/,https://www.cifraclub.com.br/davidson-silva/belo-amor-de-deus/,https://www.youtube.com/results?search_query=Davidson+Silva+Belo+Amor+de+Deus,Pós-comunhão / oração / ação de graças
BELÍSSIMO ESPOSO,Comunidade Católica Shalom,Comunidade Católica Shalom,A,https://www.cifraclub.com.br/comunidade-catolica-shalom/belissimo-esposo/,https://www.cifraclub.com.br/comunidade-catolica-shalom/belissimo-esposo/,https://www.youtube.com/results?search_query=Comunidade+Católica+Shalom+Belíssimo+Esposo,Pós-comunhão / oração / ação de graças
BEM AVENTURADA ÉS,Gradual Romano; música e adaptação: Gílson Celerino,Gílson Celerino,"","","","",Apresentação das oferendas / Assunção / Imaculada Conceição
BEM AVENTURADOS,Padre Zezinho,Padre Zezinho,"","","","",Entrada / bem-aventuranças
BENDEZEI O SENHOR NOS ALTOS CÉUS E NAS ALTURAS,Joseph Gelineau,Joseph Gelineau,"","","","",Comunhão / Santos Arcanjos / Salmo 148
BENDIREI AO SENHOR DEUS,Canção Nova,Canção Nova,"",https://www.cifraclub.com.br/cancao-nova/bendirei-ao-senhor-deus/,https://www.cifraclub.com.br/cancao-nova/bendirei-ao-senhor-deus/,https://www.youtube.com/results?search_query=Canção+Nova+Bendirei+Ao+Senhor+Deus,Pós-comunhão / oração / ação de graças
BENDITO SEJA DEUS,D.R.,D.R.,"","","",https://www.youtube.com/watch?v=KhD5qAJlX54,Entrada / Santíssima Trindade
BENDITO SEJA DEUS PAI,"","","","","","",Entrada / louvor trinitário
BENDITO SEJA O NOME DO SENHOR,"Missal Romano; música: Pe. José Weber, SVD","Pe. José Weber, SVD","","","","",Apresentação das oferendas / Ascensão; indicada quando cantada pelo presidente
BENDITO SEJAIS SENHOR,Canção Nova,Canção Nova,"",https://www.cifraclub.com.br/cancao-nova/bendito-sejais-senhor/,https://www.cifraclub.com.br/cancao-nova/bendito-sejais-senhor/,https://www.youtube.com/results?search_query=Canção+Nova+Bendito+Sejais+Senhor,Pós-comunhão / oração / ação de graças
BENDITO SEJAS,CNBB / Música Litúrgica,CNBB / Música Litúrgica,"","","","",Apresentação das oferendas / Missa do Crisma
BENDITO SEJAS TU,José Alves,José Alves,"","","",https://www.youtube.com/watch?v=abwQk_33zJA,Entrada / Santíssima Trindade
"BENDITO SEJAS, SENHOR",Frei Fabretti,Frei Fabretti,C,https://www.cifraclub.com.br/frei-fabretti/bendito-sejas-senhor/,https://www.cifraclub.com.br/frei-fabretti/bendito-sejas-senhor/,"","Apresentação das oferendas / Trigo, vinho e oferta da vida"
BENDIZEI NOSSO DEUS,Reginaldo Veloso,Reginaldo Veloso,"","","",https://www.youtube.com/watch?v=BzRnFAp599Y,Entrada / Santíssima Trindade
CADA DIA,Davidson Silva,Davidson Silva,"",https://www.cifraclub.com.br/davidson-silva/cada-dia/,https://www.cifraclub.com.br/davidson-silva/cada-dia/,https://www.youtube.com/results?search_query=Davidson+Silva+Cada+Dia,Pós-comunhão / oração / ação de graças
CANTAI AO SENHOR UM NOVO CANTO,Geraldo Leite Bastos; música: Reginaldo Veloso,Reginaldo Veloso,"","","","",Apresentação das oferendas / Ascensão do Senhor
CANTE EM PAZ,Adriana Arydes,Adriana Arydes,"",https://www.cifraclub.com.br/adriana/cante-em-paz/,https://www.cifraclub.com.br/adriana/cante-em-paz/,https://www.youtube.com/results?search_query=Adriana+Arydes+Cante+em+Paz,Pós-comunhão / oração / ação de graças
CANTO FINAL - MISSA SERTANEJA,Maestro Marino Cafundó,Grupo Musical Dom Valioso,E,https://www.cifraclub.com.br/grupo-musical-dom-valioso/canto-final-missa-sertaneja/,https://www.cifraclub.com.br/grupo-musical-dom-valioso/canto-final-missa-sertaneja/,https://www.youtube.com/results?search_query=Grupo+Musical+Dom+Valioso+CANTO+FINAL+-+MISSA+SERTANEJA,Canto final / levar ao mundo o amor recebido na celebração
CANTO NOVO,Davidson Silva,Davidson Silva,"",https://www.cifraclub.com.br/davidson-silva/canto-novo/,https://www.cifraclub.com.br/davidson-silva/canto-novo/,https://www.youtube.com/results?search_query=Davidson+Silva+Canto+Novo,Entrada / acolhida da assembleia
CANÇÃO NOVA,Canção Nova,Canção Nova,"",https://www.cifraclub.com.br/cancao-nova/cancao-nova/,https://www.cifraclub.com.br/cancao-nova/cancao-nova/,https://www.youtube.com/results?search_query=Canção+Nova+Canção+Nova,Pós-comunhão / oração / ação de graças
CELEBRAMOS O AMOR,Ministério Amor e Adoração,Ministério Amor e Adoração,"",https://www.cifraclub.com.br/ministerio-amor-e-adoracao/celebramos-o-amor/,https://www.cifraclub.com.br/ministerio-amor-e-adoracao/celebramos-o-amor/,https://www.youtube.com/results?search_query=Ministério+Amor+e+Adoração+Celebramos+o+Amor,Entrada / acolhida da assembleia
CELEBRAR,Salette Ferreira,Salette Ferreira,"","","","",Entrada / celebração
CHAGAS ABERTAS,Padre Fábio de Melo,Padre Fábio de Melo,"",https://www.cifraclub.com.br/pe-fabio-de-melo/chagas-abertas/,https://www.cifraclub.com.br/pe-fabio-de-melo/chagas-abertas/,https://www.youtube.com/results?search_query=Padre+Fábio+de+Melo+Chagas+Abertas,Pós-comunhão / oração / ação de graças
CHEIOS DA TUA GLÓRIA,Ministério Amor e Adoração,Ministério Amor e Adoração,"",https://www.cifraclub.com.br/ministerio-amor-e-adoracao/cheios-da-tua-gloria/,https://www.cifraclub.com.br/ministerio-amor-e-adoracao/cheios-da-tua-gloria/,https://www.youtube.com/results?search_query=Ministério+Amor+e+Adoração+Cheios+da+Tua+Glória,Pós-comunhão / oração / ação de graças
CHEIOS DE FERVOR,COMUNIDADE CATÓLICA SHALOM,COMUNIDADE CATÓLICA SHALOM,Ab,https://www.cifraclub.com.br/comunidade-catolica-shalom/cheios-de-fervor/,https://www.cifraclub.com.br/comunidade-catolica-shalom/cheios-de-fervor/,https://www.youtube.com/results?search_query=Comunidade+Cat%C3%B3lica+Shalom+CHEIOS+DE+FERVOR,Louvor / vida comunitária
CHUVA DE BENÇÃOS,Ministério Amor e Adoração,Ministério Amor e Adoração,"",https://www.cifraclub.com.br/ministerio-amor-e-adoracao/chuva-de-bencaos/,https://www.cifraclub.com.br/ministerio-amor-e-adoracao/chuva-de-bencaos/,https://www.youtube.com/results?search_query=Ministério+Amor+e+Adoração+Chuva+de+Bençãos,Pós-comunhão / oração / ação de graças
CHUVA DE BÊNÇÃOS,MINISTÉRIO AMOR E ADORAÇÃO,MINISTÉRIO AMOR E ADORAÇÃO,"",https://www.cifraclub.com.br/ministerio-amor-e-adoracao/chuva-de-bencaos/,https://www.cifraclub.com.br/ministerio-amor-e-adoracao/chuva-de-bencaos/,https://www.youtube.com/results?search_query=Minist%C3%A9rio+Amor+e+Adora%C3%A7%C3%A3o+CHUVA+DE+B%C3%8AN%C3%87%C3%83OS,Louvor / bênção
COLO DE MÃE,Frei Gilson,Frei Gilson,D,https://www.letras.mus.br/frei-gilson/3149676/,https://www.cifraclub.com.br/frei-gilson/colo-de-mae/,"",Mariana
COM ALEGRIA CANTAR,"","","","","","",Entrada / alegria da assembleia
COM ALEGRIA E GRATIDÃO,Ricardo Sabino,Ricardo Sabino,"","","","",Entrada / ação de graças
COM GRANDE ALEGRIA,Ir. Míria T. Kolling,Ir. Míria T. Kolling,"","","","",Entrada / alegria
COM MINHA MÃE ESTAREI,Repertório católico tradicional,Músicas Católicas,"","","",https://www.youtube.com/results?search_query=M%C3%BAsicas+Cat%C3%B3licas+COM+MINHA+M%C3%83E+ESTAREI,Mariana / devoção filial
COM PEDRO E COM PAULO,"","","","","","",Entrada / São Pedro e São Paulo
COM TUA MÃO,Davidson Silva,Davidson Silva,"",https://www.cifraclub.com.br/davidson-silva/com-tua-mao/,https://www.cifraclub.com.br/davidson-silva/com-tua-mao/,https://www.youtube.com/results?search_query=Davidson+Silva+Com+Tua+Mão,Pós-comunhão / oração / ação de graças
COMAM DO PÃO,Jacques Berthier,Jacques Berthier,"","","","",Comunhão / Salmo 18 / Eucaristia
COMO IREI RETRIBUIR AO MEU SENHOR,CNBB / Música Litúrgica,CNBB / Música Litúrgica,"","","","",Apresentação das oferendas / Missa do Crisma / Salmo 115
COMO SÃO BELOS,Padre Zezinho,Padre Zezinho,"","","","",Entrada / missão e anúncio
COMO TU NÃO HÁ,Davidson Silva,Davidson Silva,"",https://www.cifraclub.com.br/davidson-silva/como-tu-nao-ha/,https://www.cifraclub.com.br/davidson-silva/como-tu-nao-ha/,https://www.youtube.com/results?search_query=Davidson+Silva+Como+Tu+Não+Há,Pós-comunhão / oração / ação de graças
"COMO TU, MARIA",Izaías Luciano,Comunidade Católica Shalom,D,https://www.cifraclub.com.br/comunidade-catolica-shalom/como-tu-maria/,https://www.cifraclub.com.br/comunidade-catolica-shalom/como-tu-maria/,https://www.youtube.com/results?search_query=Comunidade+Cat%C3%B3lica+Shalom+COMO+TU%2C+MARIA,Mariana / Magnificat / disponibilidade e missão
COMO É BOM SENTIR,Padre Fábio de Melo,Padre Fábio de Melo,"",https://www.cifraclub.com.br/pe-fabio-de-melo/como-e-bom-sentir/,https://www.cifraclub.com.br/pe-fabio-de-melo/como-e-bom-sentir/,https://www.youtube.com/results?search_query=Padre+Fábio+de+Melo+Como+É+Bom+Sentir,Pós-comunhão / oração / ação de graças
COMO ÉS LINDO,Walmir Alencar; Fabio De Melo,Vida Reluz,D,https://www.cifraclub.com.br/vida-reluz/como-es-lindo/,https://www.cifraclub.com.br/vida-reluz/como-es-lindo/,"",Comunhão / mesa e presença eucarística
COMPROMISSO,Canção Nova,Canção Nova,"",https://www.cifraclub.com.br/cancao-nova/compromisso/,https://www.cifraclub.com.br/cancao-nova/compromisso/,https://www.youtube.com/results?search_query=Canção+Nova+Compromisso,Pós-comunhão / oração / ação de graças
CONFESSO A DEUS,Comunidade Recado,Comunidade Recado,"","","","",Ato penitencial / perdão
CONFESSO A DEUS - ATO PENITENCIAL,Músicas Católicas,Músicas Católicas,A,https://www.cifraclub.com.br/catolicas/confesso-a-deus-ato-penitencial/,https://www.cifraclub.com.br/catolicas/confesso-a-deus-ato-penitencial/,"",Ato penitencial / Confiteor
"CONFIA, MINH'ALMA, NO SENHOR",Pe. Joseph Gelineau,Pe. Joseph Gelineau,"","","","",Apresentação das oferendas / Fiéis Defuntos / Salmo 129
CONFIO EM TI,Davidson Silva,Davidson Silva,"",https://www.cifraclub.com.br/davidson-silva/confio-em-ti/,https://www.cifraclub.com.br/davidson-silva/confio-em-ti/,https://www.youtube.com/results?search_query=Davidson+Silva+Confio+em+Ti,Pós-comunhão / oração / ação de graças
"CONFIRMAI, Ó DEUS",Frei Wanderson Freitas,CNBB / Música Litúrgica,"","","",https://www.youtube.com/watch?v=TEeY0Zuytc0,Apresentação das oferendas / Pentecostes
CONSAGRAÇÃO A NOSSA SENHORA,Repertório católico tradicional,Frei Gilson,"","","",https://www.youtube.com/results?search_query=Frei+Gilson+CONSAGRA%C3%87%C3%83O+A+NOSSA+SENHORA,Mariana / consagração
CONTEMPLAREI JUSTIFICADO,"","","","","","",Entrada / antífona
CONVOSCO ESTAREI TODOS OS DIAS,"Pe. José Weber, SVD","Pe. José Weber, SVD","","","","",Comunhão / Ascensão do Senhor
CORAÇÃO CONTRITO,Flavinho,Flavinho,"","","","",Ato penitencial / reconciliação
CORAÇÃO DE MÃE,Davidson Silva,Davidson Silva,"",https://www.cifraclub.com.br/davidson-silva/coracao-de-mae/,https://www.cifraclub.com.br/davidson-silva/coracao-de-mae/,https://www.youtube.com/results?search_query=Davidson+Silva+Coração+de+Mãe,Mariana
CORAÇÕES ABRASADOS,Comunidade Católica Shalom,Comunidade Católica Shalom,"",https://www.cifraclub.com.br/comunidade-catolica-shalom/coracoes-abrasados/,https://www.cifraclub.com.br/comunidade-catolica-shalom/coracoes-abrasados/,https://www.youtube.com/results?search_query=Comunidade+Católica+Shalom+Corações+Abrasados,Pós-comunhão / oração / ação de graças
CORDEIRO,Frei Gilson,Frei Gilson,F,https://www.cifraclub.com.br/ministerio-amor-e-adoracao/cordeiro/,https://www.cifraclub.com.br/frei-gilson/cordeiro/,"",Fração do pão
CORDEIRO,Ministério Amor e Adoração,Ministério Amor e Adoração,A,https://www.cifraclub.com.br/ministerio-amor-e-adoracao/cordeiro/,https://www.cifraclub.com.br/ministerio-amor-e-adoracao/cordeiro/,"",Fração do pão
CORDEIRO DE DEUS,Ministério Amor e Adoração,Ministério Amor e Adoração,G,https://www.cifraclub.com.br/ministerio-amor-e-adoracao/cordeiro-de-deus/,https://www.cifraclub.com.br/ministerio-amor-e-adoracao/cordeiro-de-deus/,"",Fração do pão - Cordeiro de Deus
CORDEIRO DE DEUS - REPETE,Thiago Garcia,Músicas Católicas,E,https://www.cifraclub.com.br/catolicas/cordeiro-de-deus/cordeiro-repete.html,https://www.cifraclub.com.br/catolicas/cordeiro-de-deus/cordeiro-repete.html,"",Cordeiro de Deus da Missa; versão responsorial/repetida.
CORDEIRO DE DEUS - VERSÃO EM C,Marcelo Oliveira; Thiago Garcia; Missal Romano; Músicas Católicas,Músicas Católicas,C,https://www.cifraclub.com.br/catolicas/cordeiro-de-deus-7/,https://www.cifraclub.com.br/catolicas/cordeiro-de-deus-7/,"",Cordeiro de Deus da Missa; versão em C preservando a fórmula litúrgica.
CORDEIRO DE DEUS - VERSÃO EM C (THIAGO GARCIA),Thiago Garcia; Missal Romano,Músicas Católicas,C,https://www.cifraclub.com.br/catolicas/cordeiro-de-deus-9/,https://www.cifraclub.com.br/catolicas/cordeiro-de-deus-9/,"",Cordeiro de Deus da Missa; texto do Missal Romano.
CORDEIRO DE DEUS - VERSÃO EM G,Músicas Católicas,Católicas,G,https://www.cifraclub.com.br/catolicas-2/cordeiro-de-deus/,https://www.cifraclub.com.br/catolicas-2/cordeiro-de-deus/,"",Cordeiro de Deus da Missa; duas invocações de piedade e conclusão com Dai-nos a paz.
CORDEIRO DE DEUS CLÁSSICO,Músicas Católicas,Músicas Católicas,G,https://www.cifraclub.com.br/catolicas/cordeiro-de-deus-classico/,https://www.cifraclub.com.br/catolicas/cordeiro-de-deus-classico/,"",Cordeiro de Deus da Missa; versão tradicional em G.
CORDEIRO DE DEUS I,Músicas Católicas,Músicas Católicas,Dm,https://www.cifraclub.com.br/catolicas/cordeiro-de-deus-i/,https://www.cifraclub.com.br/catolicas/cordeiro-de-deus-i/,"",Cordeiro de Deus da Missa; fórmula concisa com duas invocações de piedade e uma de paz.
COROAÇÃO DE NOSSA SENHORA,Adriana Arydes,Adriana Arydes,"",https://www.cifraclub.com.br/adriana/coroacao-de-nossa-senhora/,https://www.cifraclub.com.br/adriana/coroacao-de-nossa-senhora/,"",Coroação / devoção mariana
"CRISTO RESSUSCITOU, ALELUIA",Ministério Amor e Adoração,Ministério Amor e Adoração,"",https://www.cifraclub.com.br/ministerio-amor-e-adoracao/cristo-ressuscitou-aleluia/,https://www.cifraclub.com.br/ministerio-amor-e-adoracao/cristo-ressuscitou-aleluia/,"https://www.youtube.com/results?search_query=Ministério+Amor+e+Adoração+Cristo+Ressuscitou,+Aleluia",Aclamação / Palavra
"CRISTO, PÃO DOS POBRES",Pe. José Freitas Campos,Pe. José Freitas Campos,"","","",https://www.youtube.com/watch?v=xfCTs4rXrFU,Entrada / Corpus Christi
CUIDA DE MIM,Davidson Silva,Davidson Silva,"",https://www.cifraclub.com.br/davidson-silva/cuida-de-mim/,https://www.cifraclub.com.br/davidson-silva/cuida-de-mim/,https://www.youtube.com/results?search_query=Davidson+Silva+Cuida+de+Mim,Pós-comunhão / oração / ação de graças
CUIDAS DE MIM,Padre Fábio de Melo,Padre Fábio de Melo,"",https://www.cifraclub.com.br/pe-fabio-de-melo/cuidas-de-mim/,https://www.cifraclub.com.br/pe-fabio-de-melo/cuidas-de-mim/,https://www.youtube.com/results?search_query=Padre+Fábio+de+Melo+Cuidas+De+Mim,Pós-comunhão / oração / ação de graças
CÍRIO OUTRA VEZ,Padre Fábio de Melo,Padre Fábio de Melo,"",https://www.cifraclub.com.br/pe-fabio-de-melo/cirio-outra-vez/,https://www.cifraclub.com.br/pe-fabio-de-melo/cirio-outra-vez/,https://www.youtube.com/results?search_query=Padre+Fábio+de+Melo+Círio+Outra+Vez,Mariana
"DAI-NOS A BÊNÇÃO, Ó MÃE QUERIDA",Repertório católico tradicional,Músicas Católicas,"","","",https://www.youtube.com/results?search_query=M%C3%BAsicas+Cat%C3%B3licas+DAI-NOS+A+B%C3%8AN%C3%87%C3%83O%2C+%C3%93+M%C3%83E+QUERIDA,Mariana / bênção e devoção
DAI-NOS A PAZ,Comunidade Católica Shalom,Comunidade Católica Shalom,F#m,https://www.cifraclub.com.br/comunidade-catolica-shalom/dai-nos-a-paz/,https://www.cifraclub.com.br/comunidade-catolica-shalom/dai-nos-a-paz/,https://www.youtube.com/results?search_query=Comunidade+Católica+Shalom+Dai-nos+a+Paz,Pós-comunhão / oração / ação de graças
DE MÃOS ESTENDIDAS,Irmã Salete,Músicas Católicas,Ebm,https://www.cifraclub.com.br/catolicas/de-maos-estendida/,https://www.cifraclub.com.br/catolicas/de-maos-estendida/,https://www.youtube.com/watch?v=z8v0Au78g-4,"Apresentação das oferendas / Criação, pão, vinho e vida"
DE PAZ SÃO MEUS PENSAMENTOS,"","","","","","",Entrada / antífona
DE TI PRECISO,Gilson da Silva Pupo Azevedo,Frei Gilson,F,https://www.letras.mus.br/frei-gilson/3448547/,https://www.cifraclub.com.br/frei-gilson/de-ti-preciso/,"",Adoração / oração
DE TODOS CANTOS VIEMOS,"","","","","","",Entrada / assembleia
DEIXA DEUS SONHAR EM TI,Frei Gilson,Frei Gilson,Bm,https://www.letras.mus.br/frei-gilson/3702207/,https://www.cifraclub.com.br/frei-gilson/deixa-deus-sonhar-em-ti/,"",Reflexão / pós-comunhão
DERRAMA SOBRE NÓS,Canção Nova,Canção Nova,"",https://www.cifraclub.com.br/cancao-nova/derrama-sobre-nos/,https://www.cifraclub.com.br/cancao-nova/derrama-sobre-nos/,https://www.youtube.com/results?search_query=Canção+Nova+Derrama+Sobre+Nós,Pós-comunhão / oração / ação de graças
DESPERTA,Davidson Silva,Davidson Silva,"",https://www.cifraclub.com.br/davidson-silva/desperta/,https://www.cifraclub.com.br/davidson-silva/desperta/,https://www.youtube.com/results?search_query=Davidson+Silva+Desperta,Pós-comunhão / oração / ação de graças
DEUS DE AMOR,Pe. Josmar Braga; música: José Alves,CNBB / Música Litúrgica,"","","",https://www.youtube.com/watch?v=cwhkYfcVsW4,Louvor final / Corpus Christi / adoração
DEUS DE AMOR NÓS TE ADORAMOS,CNBB / Música Litúrgica,CNBB / Música Litúrgica,"","","",https://www.youtube.com/watch?v=hWusDIVCD4Y,Louvor final / Corpus Christi / adoração
DEUS ENVIOU AOS NOSSOS CORAÇÕES,Paulo Neto,Paulo Neto,"","","",https://www.youtube.com/watch?v=AyYzfppRLpY,Comunhão / Santíssima Trindade
DEUS ESTÁ NO CONTROLE,Adriana Arydes,Adriana Arydes,"",https://www.cifraclub.com.br/adriana/deus-esta-no-controle/,https://www.cifraclub.com.br/adriana/deus-esta-no-controle/,https://www.youtube.com/results?search_query=Adriana+Arydes+Deus+Está+no+Controle,Pós-comunhão / oração / ação de graças
DEUS EXISTE,Canção Nova,Canção Nova,"",https://www.cifraclub.com.br/cancao-nova/deus-existe/,https://www.cifraclub.com.br/cancao-nova/deus-existe/,https://www.youtube.com/results?search_query=Canção+Nova+Deus+Existe,Pós-comunhão / oração / ação de graças
DEUS HABITA,Canção Nova,Canção Nova,"",https://www.cifraclub.com.br/cancao-nova/deus-habita/,https://www.cifraclub.com.br/cancao-nova/deus-habita/,https://www.youtube.com/results?search_query=Canção+Nova+Deus+Habita,Pós-comunhão / oração / ação de graças
DEUS INFINITO,CNBB / Música Litúrgica,CNBB / Música Litúrgica,"","","",https://www.youtube.com/watch?v=z6Ta9Ca3haw,Louvor final / Corpus Christi
DEUS É FIEL,Ministério Amor e Adoração,Ministério Amor e Adoração,"",https://www.cifraclub.com.br/ministerio-amor-e-adoracao/deus-e-fiel/,https://www.cifraclub.com.br/ministerio-amor-e-adoracao/deus-e-fiel/,https://www.youtube.com/results?search_query=Ministério+Amor+e+Adoração+Deus+É+Fiel,Pós-comunhão / oração / ação de graças
DIA DE CELEBRAR,Canção Nova,Canção Nova,"",https://www.cifraclub.com.br/cancao-nova/dia-de-celebrar/,https://www.cifraclub.com.br/cancao-nova/dia-de-celebrar/,https://www.youtube.com/results?search_query=Canção+Nova+Dia+de+Celebrar,Entrada / acolhida da assembleia
DIA DE FESTA,Canção Nova,Canção Nova,"",https://www.cifraclub.com.br/cancao-nova/dia-de-festa/,https://www.cifraclub.com.br/cancao-nova/dia-de-festa/,https://www.youtube.com/results?search_query=Canção+Nova+Dia+de+Festa,Entrada / acolhida da assembleia
DIANTE DE TI,Davidson Silva,Davidson Silva,"",https://www.cifraclub.com.br/davidson-silva/diante-de-ti/,https://www.cifraclub.com.br/davidson-silva/diante-de-ti/,https://www.youtube.com/results?search_query=Davidson+Silva+Diante+de+Ti,Pós-comunhão / oração / ação de graças
DIANTE DO REI,Padre Fábio de Melo,Padre Fábio de Melo,"",https://www.cifraclub.com.br/pe-fabio-de-melo/diante-do-rei/,https://www.cifraclub.com.br/pe-fabio-de-melo/diante-do-rei/,https://www.youtube.com/results?search_query=Padre+Fábio+de+Melo+Diante+do+Rei,Adoração
DIANTE DO TEU ALTAR,Canção Nova,Canção Nova,"",https://www.cifraclub.com.br/cancao-nova/diante-do-teu-altar/,https://www.cifraclub.com.br/cancao-nova/diante-do-teu-altar/,https://www.youtube.com/results?search_query=Canção+Nova+Diante+Do+Teu+Altar,Apresentação das oferendas
DIGNO,Davidson Silva,Davidson Silva,"",https://www.cifraclub.com.br/davidson-silva/digno/,https://www.cifraclub.com.br/davidson-silva/digno/,https://www.youtube.com/results?search_query=Davidson+Silva+Digno,Pós-comunhão / oração / ação de graças
DIVINO CORAÇÃO,Comunidade Católica Shalom,Comunidade Católica Shalom,Bb,https://www.cifraclub.com.br/comunidade-catolica-shalom/divino-coracao/,https://www.cifraclub.com.br/comunidade-catolica-shalom/divino-coracao/,https://www.youtube.com/results?search_query=Comunidade+Católica+Shalom+Divino+Coração,Pós-comunhão / oração / ação de graças
DIVINO ESPOSO,Ministério Missionário Shalom,Ministério Missionário Shalom,A,https://www.cifraclub.com.br/missionario-shalom/divino-esposo/,https://www.cifraclub.com.br/missionario-shalom/divino-esposo/,https://www.youtube.com/results?search_query=Ministério+Missionário+Shalom+Divino+Esposo,Pós-comunhão / oração / ação de graças
DIÁRIO DE MARIA,Adriana Arydes,Adriana Arydes,"",https://www.cifraclub.com.br/adriana/diario-de-maria/,https://www.cifraclub.com.br/adriana/diario-de-maria/,"",Mariana
DO CÉU DESCEU A CHUVA,D. Marcos Barbosa; Maximiliano Hellmann,CNBB / Música Litúrgica,"","","",https://www.youtube.com/watch?v=RBy06HNc7uY,Comunhão / alimento vindo do céu
DO SEU POVO ELE É A FORÇA,"","","","","","",Entrada / confiança no Senhor
DOCE JESUS,Adriana Arydes,Adriana Arydes,"",https://www.cifraclub.com.br/adriana/doce-jesus/,https://www.cifraclub.com.br/adriana/doce-jesus/,https://www.youtube.com/results?search_query=Adriana+Arydes+Doce+Jesus,Pós-comunhão / oração / ação de graças
DOCE MÃE,Comunidade Católica Shalom,Comunidade Católica Shalom,"",https://www.cifraclub.com.br/comunidade-catolica-shalom/doce-mae/,https://www.cifraclub.com.br/comunidade-catolica-shalom/doce-mae/,https://www.youtube.com/results?search_query=Comunidade+Católica+Shalom+Doce+Mãe,Mariana
DOCE PRESENÇA,Comunidade Católica Shalom,Comunidade Católica Shalom,"","","",https://www.youtube.com/results?search_query=Comunidade+Cat%C3%B3lica+Shalom+DOCE+PRESEN%C3%87A,Adoração / presença de Deus
DOIS ABISMOS,Comunidade Católica Shalom,Comunidade Católica Shalom,"",https://www.cifraclub.com.br/comunidade-catolica-shalom/dois-abismos/,https://www.cifraclub.com.br/comunidade-catolica-shalom/dois-abismos/,https://www.youtube.com/results?search_query=Comunidade+Católica+Shalom+Dois+Abismos,Pós-comunhão / oração / ação de graças
DONS,Ministério Amor e Adoração,Ministério Amor e Adoração,"",https://www.cifraclub.com.br/ministerio-amor-e-adoracao/dons/,https://www.cifraclub.com.br/ministerio-amor-e-adoracao/dons/,https://www.youtube.com/results?search_query=Ministério+Amor+e+Adoração+Dons,Pós-comunhão / oração / ação de graças
"EIS A PROCISSÃO DO REI, NOSSO DEUS",Reginaldo Veloso,CNBB / Música Litúrgica,"","","",https://www.youtube.com/watch?v=g_ijkjxh0HA,Apresentação das oferendas / Pentecostes / Ascensão
"EIS JESUS, O PÃO DA VIDA",Prof. Saraiva,CNBB / Música Litúrgica,"","","","","Comunhão / Jesus, Pão da Vida"
EIS ME AQUI,Ministério Missionário Shalom,Ministério Missionário Shalom,"",https://www.cifraclub.com.br/missionario-shalom/eis-me-aqui/,https://www.cifraclub.com.br/missionario-shalom/eis-me-aqui/,https://www.youtube.com/results?search_query=Ministério+Missionário+Shalom+Eis+Me+Aqui,Pós-comunhão / oração / ação de graças
EIS OS PENSAMENTOS DO SEU CORAÇÃO,"","","","","","",Entrada / Sagrado Coração
ELE CUMPRIRÁ,Ministério Amor e Adoração,Ministério Amor e Adoração,"",https://www.cifraclub.com.br/ministerio-amor-e-adoracao/ele-cumprira/,https://www.cifraclub.com.br/ministerio-amor-e-adoracao/ele-cumprira/,https://www.youtube.com/results?search_query=Ministério+Amor+e+Adoração+Ele+Cumprirá,Pós-comunhão / oração / ação de graças
ELE VENCEU,Comunidade Católica Shalom,Comunidade Católica Shalom,"",https://www.cifraclub.com.br/comunidade-catolica-shalom/ele-venceu/,https://www.cifraclub.com.br/comunidade-catolica-shalom/ele-venceu/,https://www.youtube.com/results?search_query=Comunidade+Católica+Shalom+Ele+Venceu,Pós-comunhão / oração / ação de graças
EM ADORAÇÃO,Betho Wilson; Guttemberg Junior,Comunidade Católica Shalom,"",https://www.cifraclub.com.br/comunidade-catolica-shalom/1270122/,https://www.cifraclub.com.br/comunidade-catolica-shalom/1270122/,https://www.youtube.com/results?search_query=Comunidade+Cat%C3%B3lica+Shalom+EM+ADORA%C3%87%C3%83O,Pós-comunhão / adoração e gratidão
EM MEMÓRIA DE MIM,Cardeal Odilo Scherer,Cardeal Odilo Scherer,"","","",https://www.youtube.com/watch?v=K0v5Nv11QI8,Comunhão / memória eucarística
EM ORAÇÃO,Ministério Amor e Adoração,Ministério Amor e Adoração,"",https://www.cifraclub.com.br/ministerio-amor-e-adoracao/em-oracao/,https://www.cifraclub.com.br/ministerio-amor-e-adoracao/em-oracao/,https://www.youtube.com/results?search_query=Ministério+Amor+e+Adoração+Em+Oração,Pós-comunhão / oração / ação de graças
EM TEU ABRAÇO,Comunidade Católica Shalom,Comunidade Católica Shalom,"",https://www.cifraclub.com.br/comunidade-catolica-shalom/em-teu-abraco/,https://www.cifraclub.com.br/comunidade-catolica-shalom/em-teu-abraco/,https://www.youtube.com/results?search_query=Comunidade+Católica+Shalom+Em+Teu+Abraço,Pós-comunhão / oração / ação de graças
EM TUA PRESENÇA,Padre Fábio de Melo,Padre Fábio de Melo,"",https://www.cifraclub.com.br/pe-fabio-de-melo/em-tua-presenca/,https://www.cifraclub.com.br/pe-fabio-de-melo/em-tua-presenca/,https://www.youtube.com/results?search_query=Padre+Fábio+de+Melo+Em+Tua+Presença,Adoração
ENTRE NÓS,Ministério Amor e Adoração,Ministério Amor e Adoração,F,https://www.cifraclub.com.br/ministerio-amor-e-adoracao/entre-nos/,https://www.cifraclub.com.br/ministerio-amor-e-adoracao/entre-nos/,"",Comunhão / presença de Cristo
ENTREMOS NA CASA DO SENHOR,José Acácio,José Acácio,"","","",https://www.youtube.com/watch?v=mLw6i8Bn4uk,Entrada / Santíssima Trindade
"ENVIA, SENHOR, OPERÁRIOS PARA A MESSE",Carlos Bueno; Breno Stanley,Músicas Católicas,G,https://www.cifraclub.com.br/catolicas/envia-senhor-operarios-para-messe/,https://www.cifraclub.com.br/catolicas/envia-senhor-operarios-para-messe/,https://www.youtube.com/results?search_query=M%C3%BAsicas+Cat%C3%B3licas+ENVIA%2C+SENHOR%2C+OPER%C3%81RIOS+PARA+A+MESSE,Canto final / envio e missão
ENVIAI O VOSSO ESPÍRITO,Comunidade Católica Shalom,Comunidade Católica Shalom,"",https://www.cifraclub.com.br/comunidade-catolica-shalom/enviai-o-vosso-espirito/,https://www.cifraclub.com.br/comunidade-catolica-shalom/enviai-o-vosso-espirito/,https://www.youtube.com/results?search_query=Comunidade+Católica+Shalom+Enviai+o+Vosso+Espírito,Invocação ao Espírito Santo
"ENVIAI O VOSSO ESPÍRITO, SENHOR","Frei Joel Postma, OFM",CNBB / Música Litúrgica,"","","",https://www.youtube.com/watch?v=JeHCABENzq4,Pentecostes / Salmo 103(104)
"ENVIAI, SENHOR!",Madre Tarcísia; música: José Alves,José Alves,"","","",https://www.youtube.com/results?search_query=Jos%C3%A9+Alves+ENVIAI%2C+SENHOR%21,Canto final / Pentecostes / envio
ESCOLHIDA DE DEUS PAI,Ministério Amor e Adoração,Ministério Amor e Adoração,"",https://www.cifraclub.com.br/ministerio-amor-e-adoracao/escolhida-de-deus-pai/,https://www.cifraclub.com.br/ministerio-amor-e-adoracao/escolhida-de-deus-pai/,https://www.youtube.com/results?search_query=Ministério+Amor+e+Adoração+Escolhida+de+Deus+Pai,Mariana
"ESCUTA, SENHOR, A VOZ DO POVO TEU","Frei Telles Ramon, O. de M.; música: Wanderson Luiz Freitas, O.Carm.",CNBB / Música Litúrgica,"","","","",Apresentação das oferendas / Quaresma
ESPOSO RESSUSCITADO,Comunidade Católica Shalom,Comunidade Católica Shalom,"",https://www.cifraclub.com.br/comunidade-catolica-shalom/esposo-ressuscitado/,https://www.cifraclub.com.br/comunidade-catolica-shalom/esposo-ressuscitado/,https://www.youtube.com/results?search_query=Comunidade+Católica+Shalom+Esposo+Ressuscitado,Pós-comunhão / oração / ação de graças
ESPÍRITO CRIADOR,André Zamur,CNBB / Música Litúrgica,"","","",https://www.youtube.com/watch?v=nyLQaQQvtMk,Apresentação das oferendas / Pentecostes
ESPÍRITO DE DEUS,Repertório católico,Músicas Católicas,"","","",https://www.youtube.com/results?search_query=M%C3%BAsicas+Cat%C3%B3licas+ESP%C3%8DRITO+DE+DEUS,Invocação e presença do Espírito Santo
ESPÍRITO SANTO,Renato Borges Neto; Kito Moura,Comunidade Católica Shalom,E,https://www.cifraclub.com.br/comunidade-catolica-shalom/espirito-santo/,https://www.cifraclub.com.br/comunidade-catolica-shalom/espirito-santo/,https://www.youtube.com/results?search_query=Comunidade+Cat%C3%B3lica+Shalom+ESP%C3%8DRITO+SANTO,Invocação ao Espírito Santo / Pentecostes / renovação
ESPÍRITO SANTO DE DEUS,Repertório católico,Músicas Católicas,"","","",https://www.youtube.com/results?search_query=M%C3%BAsicas+Cat%C3%B3licas+ESP%C3%8DRITO+SANTO+DE+DEUS,Invocação ao Espírito Santo
"ESPÍRITO SANTO, VINDE",Repertório católico,Músicas Católicas,"","","",https://www.youtube.com/results?search_query=M%C3%BAsicas+Cat%C3%B3licas+ESP%C3%8DRITO+SANTO%2C+VINDE,Invocação ao Espírito Santo
"ESPÍRITO, ENCHE A MINHA VIDA",Repertório cristão,Músicas Católicas,"","","",https://www.youtube.com/results?search_query=M%C3%BAsicas+Cat%C3%B3licas+ESP%C3%8DRITO%2C+ENCHE+A+MINHA+VIDA,Oração ao Espírito Santo / renovação
ESTAR EM TUAS MÃOS,Comunidade Católica Shalom,Comunidade Católica Shalom,F#m,https://www.cifraclub.com.br/comunidade-catolica-shalom/estar-em-tuas-maos/,https://www.cifraclub.com.br/comunidade-catolica-shalom/estar-em-tuas-maos/,https://www.youtube.com/results?search_query=Comunidade+Católica+Shalom+Estar+Em+Tuas+Mãos,Pós-comunhão / oração / ação de graças
ESTAREMOS AQUI REUNIDOS,Ir. Míria T. Kolling; Pe. Lúcio Floro,CNBB / Música Litúrgica,"","","",https://www.youtube.com/watch?v=0FwVj_5oPAM,Pentecostes / assembleia reunida no Espírito
ESTE É O DIA,Comunidade Católica Shalom,Comunidade Católica Shalom,"",https://www.cifraclub.com.br/comunidade-catolica-shalom/este-e-o-dia/,https://www.cifraclub.com.br/comunidade-catolica-shalom/este-e-o-dia/,https://www.youtube.com/results?search_query=Comunidade+Católica+Shalom+Este+É+o+Dia,Pós-comunhão / oração / ação de graças
ESTRANGEIRO AQUI,Comunidade Católica Shalom,Comunidade Católica Shalom,"",https://www.cifraclub.com.br/comunidade-catolica-shalom/estrangeiro-aqui/,https://www.cifraclub.com.br/comunidade-catolica-shalom/estrangeiro-aqui/,https://www.youtube.com/results?search_query=Comunidade+Católica+Shalom+Estrangeiro+Aqui,Pós-comunhão / oração / ação de graças
ETERNA VIDA,Comunidade Católica Shalom,Comunidade Católica Shalom,"",https://www.cifraclub.com.br/comunidade-catolica-shalom/eterna-vida/,https://www.cifraclub.com.br/comunidade-catolica-shalom/eterna-vida/,https://www.youtube.com/results?search_query=Comunidade+Católica+Shalom+Eterna+Vida,Pós-comunhão / oração / ação de graças
ETERNO CÉU,Comunidade Católica Shalom,Comunidade Católica Shalom,"",https://www.cifraclub.com.br/comunidade-catolica-shalom/eterno-ceu/,https://www.cifraclub.com.br/comunidade-catolica-shalom/eterno-ceu/,https://www.youtube.com/results?search_query=Comunidade+Católica+Shalom+Eterno+Céu,Pós-comunhão / oração / ação de graças
EU CONFESSO A DEUS E A VÓS IRMÃOS,Thaylla,Músicas Católicas,Bm,https://www.cifraclub.com.br/catolicas/ato-penitencial-eu-confesso-a-deus-e-vos-irmaos/,https://www.cifraclub.com.br/catolicas/ato-penitencial-eu-confesso-a-deus-e-vos-irmaos/,"",Ato penitencial / Confiteor
EU NAVEGAREI,Canção Nova,Canção Nova,Em,https://www.cifraclub.com.br/cancao-nova/eu-navegarei/,https://www.cifraclub.com.br/cancao-nova/eu-navegarei/,https://www.youtube.com/results?search_query=Canção+Nova+Eu+Navegarei,Pós-comunhão / oração / ação de graças
EU QUERO ME APAIXONAR,Ministério Amor e Adoração,Ministério Amor e Adoração,"",https://www.cifraclub.com.br/ministerio-amor-e-adoracao/eu-quero-me-apaixonar/,https://www.cifraclub.com.br/ministerio-amor-e-adoracao/eu-quero-me-apaixonar/,https://www.youtube.com/results?search_query=Ministério+Amor+e+Adoração+Eu+Quero+Me+Apaixonar,Pós-comunhão / oração / ação de graças
EU QUISERA,CNBB / Música Litúrgica,CNBB / Música Litúrgica,"","","",https://www.youtube.com/watch?v=jpK0u7cCx60,Louvor final / Corpus Christi / adoração
EU SEGUIREI,Frei Gilson,Frei Gilson,E,https://www.letras.mus.br/frei-gilson/2757945/,https://www.cifraclub.com.br/frei-gilson/eu-seguirei/,https://www.youtube.com/watch?v=o2QQWcLE7ac,Envio / compromisso cristão
EU SEREI O AMOR,Comunidade Católica Shalom,Comunidade Católica Shalom,"",https://www.cifraclub.com.br/comunidade-catolica-shalom/eu-serei-o-amor/,https://www.cifraclub.com.br/comunidade-catolica-shalom/eu-serei-o-amor/,https://www.youtube.com/results?search_query=Comunidade+Católica+Shalom+Eu+Serei+o+Amor,Pós-comunhão / oração / ação de graças
EU SOU O PÃO,Pe. José Cândido da Silva,CNBB / Música Litúrgica,"","","",https://www.youtube.com/watch?v=bmsE4JKdlEY,Comunhão / Pão da Vida / Hinário Litúrgico da CNBB
EU SOU O PÃO VIVO DESCIDO DO CÉU,"Pe. José Weber, SVD","Pe. José Weber, SVD","","","",https://www.youtube.com/watch?v=H1AS7mDY1ag,Comunhão / Corpus Christi / Jo 6
EU TE ADORO,Comunidade Católica Shalom,Comunidade Católica Shalom,"","","",https://www.youtube.com/results?search_query=Comunidade+Cat%C3%B3lica+Shalom+EU+TE+ADORO,Adoração / louvor
EU TE LEVANTAREI,Frei Gilson,Frei Gilson,F,https://www.letras.mus.br/frei-gilson/3002060/,https://www.cifraclub.com.br/frei-gilson/eu-te-levantarei/,"",Oração / ação de graças
EU VIM AO MUNDO DAR TESTEMUNHO,"","","","","","",Entrada / Cristo Rei
EU VOU CRER EM TI,FREI GILSON,FREI GILSON,F#,https://www.cifraclub.com.br/frei-gilson/eu-vou-crer-em-ti/,https://www.cifraclub.com.br/frei-gilson/eu-vou-crer-em-ti/,https://www.youtube.com/results?search_query=Frei+Gilson+EU+VOU+CRER+EM+TI,Fé / confiança
EUCARISTIA - DOM DE DEUS,Ir. Míria T. Kolling,Ir. Míria T. Kolling,"","","",https://www.youtube.com/watch?v=auRB0z8EC6M,Comunhão / Eucaristia
EXEMPLO DE ESPERANÇA,Davidson Silva,Davidson Silva,"",https://www.cifraclub.com.br/davidson-silva/exemplo-de-esperanca/,https://www.cifraclub.com.br/davidson-silva/exemplo-de-esperanca/,https://www.youtube.com/results?search_query=Davidson+Silva+Exemplo+de+Esperança,Pós-comunhão / oração / ação de graças
EXISTE UM LOUVOR,Davidson Silva,Davidson Silva,"",https://www.cifraclub.com.br/davidson-silva/existe-um-louvor/,https://www.cifraclub.com.br/davidson-silva/existe-um-louvor/,https://www.youtube.com/results?search_query=Davidson+Silva+Existe+Um+Louvor,Pós-comunhão / oração / ação de graças
FACE ADORÁVEL,Comunidade Católica Shalom,Comunidade Católica Shalom,"",https://www.cifraclub.com.br/comunidade-catolica-shalom/face-adoravel/,https://www.cifraclub.com.br/comunidade-catolica-shalom/face-adoravel/,https://www.youtube.com/results?search_query=Comunidade+Católica+Shalom+Face+Adorável,Adoração
FAZEI MEUS DISCÍPULOS,"Pe. José Weber, SVD","Pe. José Weber, SVD","","","","",Comunhão / Ascensão do Senhor
FESTA DO CORDEIRO,Comunidade Católica Shalom,Comunidade Católica Shalom,"",https://www.cifraclub.com.br/comunidade-catolica-shalom/festa-do-cordeiro/,https://www.cifraclub.com.br/comunidade-catolica-shalom/festa-do-cordeiro/,https://www.youtube.com/results?search_query=Comunidade+Católica+Shalom+Festa+do+Cordeiro,Cordeiro de Deus
FICO FELIZ EM VIR EM TUA CASA,"","","","","","",Entrada / casa do Senhor
FOGO DO CÉU,FREI GILSON,FREI GILSON,A,https://www.cifraclub.com.br/frei-gilson/fogo-do-ceu/,https://www.cifraclub.com.br/frei-gilson/fogo-do-ceu/,https://www.youtube.com/results?search_query=Frei+Gilson+FOGO+DO+C%C3%89U,Renovação / oração
FOI ELEVADA MARIA AO CÉU,Gradual Romano; música: Gílson Celerino,Gílson Celerino,"","","","",Apresentação das oferendas / Assunção de Nossa Senhora
FONTE DE TODO AMOR,Ministério Missionário Shalom,Ministério Missionário Shalom,"",https://www.cifraclub.com.br/missionario-shalom/fonte-de-todo-amor/,https://www.cifraclub.com.br/missionario-shalom/fonte-de-todo-amor/,https://www.youtube.com/results?search_query=Ministério+Missionário+Shalom+Fonte+de+Todo+Amor,Pós-comunhão / oração / ação de graças
FONTE DE VIVER,Ministério Amor e Adoração,Ministério Amor e Adoração,"",https://www.cifraclub.com.br/ministerio-amor-e-adoracao/fonte-de-viver/,https://www.cifraclub.com.br/ministerio-amor-e-adoracao/fonte-de-viver/,https://www.youtube.com/results?search_query=Ministério+Amor+e+Adoração+Fonte+de+Viver,Pós-comunhão / oração / ação de graças
FONTE DO CARISMA,Ministério Amor e Adoração,Ministério Amor e Adoração,"",https://www.cifraclub.com.br/ministerio-amor-e-adoracao/fonte-do-carisma/,https://www.cifraclub.com.br/ministerio-amor-e-adoracao/fonte-do-carisma/,https://www.youtube.com/results?search_query=Ministério+Amor+e+Adoração+Fonte+do+Carisma,Pós-comunhão / oração / ação de graças
FONTE DO VIVER,Carlos Eduardo Da Silva; Ana Lucia; Luciana Sitta,Ministério Amor e Adoração,G,https://www.cifraclub.com.br/ministerio-amor-e-adoracao/fonte-do-viver/,https://www.cifraclub.com.br/ministerio-amor-e-adoracao/fonte-do-viver/,"",Comunhão / Eucaristia
"GLORIFICA O SENHOR, JERUSALÉM","Joseph Gelineau, SJ",CNBB / Música Litúrgica,"","","","",Apresentação das oferendas / Ascensão do Senhor
GLORIOSO REI,Comunidade Católica Shalom,Comunidade Católica Shalom,"",https://www.cifraclub.com.br/comunidade-catolica-shalom/glorioso-rei/,https://www.cifraclub.com.br/comunidade-catolica-shalom/glorioso-rei/,https://www.youtube.com/results?search_query=Comunidade+Católica+Shalom+Glorioso+Rei,Pós-comunhão / oração / ação de graças
GLÓRIA,Ministério Amor e Adoração,Ministério Amor e Adoração,"",https://www.cifraclub.com.br/ministerio-amor-e-adoracao/gloria/,https://www.cifraclub.com.br/ministerio-amor-e-adoracao/gloria/,https://www.youtube.com/results?search_query=Ministério+Amor+e+Adoração+Glória,Hino de louvor - Glória
GLÓRIA - MISSA PASCAL,Pe. Sílvio Milanez,Pe. Sílvio Milanez,"",https://musicasparamissa.com.br/musica/gloria-pe-silvio-milanez/,"","",Hino do Glória; Missa Pascal; texto do Missal Romano.
GLÓRIA - TEXTO OFICIAL DA MISSA,Matheus Domingues,Músicas Católicas,G,https://www.cifraclub.com.br/catolicas/gloria-texto-oficial-da-missa/,https://www.cifraclub.com.br/catolicas/gloria-texto-oficial-da-missa/,"",Hino do Glória da Missa; texto litúrgico do Ordinário.
GLÓRIA A DEUS (MISSA),Obra de Maria,Obra de Maria,D,https://www.cifraclub.com.br/obra-de-maria/gloria-a-deus-missa/,https://www.cifraclub.com.br/obra-de-maria/gloria-a-deus-missa/,"",Hino do Glória destinado à celebração da Missa.
GLÓRIA A DEUS NAS ALTURAS,Ministério Amor e Adoração,Ministério Amor e Adoração,E,https://www.cifraclub.com.br/ministerio-amor-e-adoracao/gloria-a-deus-nas-alturas/,https://www.cifraclub.com.br/ministerio-amor-e-adoracao/gloria-a-deus-nas-alturas/,"",Hino de louvor - Glória
GLÓRIA A DEUS NAS ALTURAS (GLÓRIA),Missal Romano; Marcos R. N. Da Matta; Joel Postma,CNBB,"",https://www.cifraclub.com.br/cnbb/gloria-a-deus-nas-alturas-gloria/,https://www.cifraclub.com.br/cnbb/gloria-a-deus-nas-alturas-gloria/,"",Hino do Glória; texto do Missal Romano.
GLÓRIA A DEUS NAS ALTURAS (NA DANÇA DA VIDA) 20 ANOS,COMUNIDADE CATÓLICA SHALOM,COMUNIDADE CATÓLICA SHALOM,"",https://www.cifraclub.com.br/comunidade-catolica-shalom/gloria-a-deus-nas-alturas-na-danca-da-vida/,https://www.cifraclub.com.br/comunidade-catolica-shalom/gloria-a-deus-nas-alturas-na-danca-da-vida/,https://www.youtube.com/results?search_query=Comunidade+Católica+Shalom+Glória+a+Deus+Nas+Alturas+(Na+Dança+da+Vida),Hino de louvor - Glória
GLÓRIA A DEUS NAS ALTURAS (RESSUSCITOU) 30 ANOS,COMUNIDADE CATÓLICA SHALOM,COMUNIDADE CATÓLICA SHALOM,"",https://www.cifraclub.com.br/comunidade-catolica-shalom/gloria-a-deus-nas-alturas-ressuscitou/,https://www.cifraclub.com.br/comunidade-catolica-shalom/gloria-a-deus-nas-alturas-ressuscitou/,https://www.youtube.com/results?search_query=Comunidade+Católica+Shalom+Glória+a+Deus+Nas+Alturas+(Ressuscitou),Hino de louvor - Glória
GLÓRIA A DEUS PAI,Reginaldo Veloso,Reginaldo Veloso,"","","",https://www.youtube.com/watch?v=-8tZqNI_8Q8,Entrada / Santíssima Trindade
GLÓRIA A JESUS NA HÓSTIA SANTA,CNBB / Música Litúrgica,CNBB / Música Litúrgica,"","","",https://www.youtube.com/watch?v=k9g4-oPL9M0,Louvor final / Corpus Christi / adoração
GLÓRIA A JESUS NA HÓSTIA SANTA / QUEREMOS DEUS,Padre Fábio de Melo,Padre Fábio de Melo,"",https://www.cifraclub.com.br/pe-fabio-de-melo/gloria-a-jesus-na-hostia-santa-queremos-deus/,https://www.cifraclub.com.br/pe-fabio-de-melo/gloria-a-jesus-na-hostia-santa-queremos-deus/,https://www.youtube.com/results?search_query=Padre+Fábio+de+Melo+Glória+a+Jesus+Na+Hóstia+Santa+/+Queremos+Deus,Comunhão / Eucaristia
"GLÓRIA AO PAI, DOS HOMENS, DOS ANJOS",José Alves,José Alves,"","","",https://www.youtube.com/watch?v=rFSQJjk4ilw,Entrada / Santíssima Trindade
GLÓRIA E ESPLENDOR,Comunidade Católica Shalom,Comunidade Católica Shalom,"",https://www.cifraclub.com.br/comunidade-catolica-shalom/gloria-e-esplendor/,https://www.cifraclub.com.br/comunidade-catolica-shalom/gloria-e-esplendor/,https://www.youtube.com/results?search_query=Comunidade+Católica+Shalom+Glória+e+Esplendor,Pós-comunhão / oração / ação de graças
GLÓRIA LITÚRGICO,Flavio Fonseca,Flavio Fonseca,E,https://www.cifraclub.com.br/flavio-fonseca/canto-liturgico-de-gloria/,https://www.cifraclub.com.br/flavio-fonseca/canto-liturgico-de-gloria/,"",Hino do Glória da Missa; texto litúrgico.
"GLÓRIA, AO PAI CRIADOR",Gustavo Balbinot,Gustavo Balbinot,"","","",https://www.youtube.com/watch?v=uzaLHnvcaH4,Entrada / Santíssima Trindade
GRANDE É TEU AMOR,Frei Gilson,Frei Gilson,C#m,https://www.cifraclub.com.br/frei-gilson/grande-e-teu-amor/,https://www.cifraclub.com.br/frei-gilson/grande-e-teu-amor/,https://www.youtube.com/results?search_query=Frei+Gilson+GRANDE+%C3%89+TEU+AMOR,Amor de Deus / louvor
GRANDE ÉS,Comunidade Católica Shalom,Comunidade Católica Shalom,"",https://www.cifraclub.com.br/comunidade-catolica-shalom/grande-es/,https://www.cifraclub.com.br/comunidade-catolica-shalom/grande-es/,https://www.youtube.com/results?search_query=Comunidade+Católica+Shalom+Grande+És,Pós-comunhão / oração / ação de graças
"GRAÇAS VOS DOU, SENHOR","Frei Wanderson Luiz Freitas, O.Carm.","Frei Wanderson Luiz Freitas, O.Carm.","","","","",Comunhão / Santos Arcanjos / Salmo 137
GUARDIÕES,Adriana Arydes,Adriana Arydes,"",https://www.cifraclub.com.br/adriana/guardioes/,https://www.cifraclub.com.br/adriana/guardioes/,https://www.youtube.com/results?search_query=Adriana+Arydes+Guardiões,Pós-comunhão / oração / ação de graças
HALLELUJAH,Adriana Arydes,Adriana Arydes,"",https://www.cifraclub.com.br/adriana/hallelujah/,https://www.cifraclub.com.br/adriana/hallelujah/,https://www.youtube.com/results?search_query=Adriana+Arydes+Hallelujah,Pós-comunhão / oração / ação de graças
HERANÇA,Davidson Silva,Davidson Silva,"",https://www.cifraclub.com.br/davidson-silva/heranca/,https://www.cifraclub.com.br/davidson-silva/heranca/,https://www.youtube.com/results?search_query=Davidson+Silva+Herança,Pós-comunhão / oração / ação de graças
HEY PARAÍSO,Ministério Amor e Adoração,Ministério Amor e Adoração,"",https://www.cifraclub.com.br/ministerio-amor-e-adoracao/hey-paraiso/,https://www.cifraclub.com.br/ministerio-amor-e-adoracao/hey-paraiso/,https://www.youtube.com/results?search_query=Ministério+Amor+e+Adoração+Hey+Paraíso,Pós-comunhão / oração / ação de graças
HINO DE ADORAÇÃO,Anônimo séc. XV; adaptação: Pe. Jacques Zwaanenburg,CNBB / Música Litúrgica,"","","",https://www.youtube.com/watch?v=Rm-c7ruowIc,Louvor final / Corpus Christi / adoração e procissão
HOJE LIVRE SOU,Adriana Arydes,Adriana Arydes,"",https://www.cifraclub.com.br/adriana/hoje-livre-sou/,https://www.cifraclub.com.br/adriana/hoje-livre-sou/,https://www.youtube.com/results?search_query=Adriana+Arydes+Hoje+Livre+Sou,Pós-comunhão / oração / ação de graças
HOJE QUERO SER SÓ TEU,Davidson Silva,Davidson Silva,"",https://www.cifraclub.com.br/davidson-silva/hoje-quero-ser-so-teu/,https://www.cifraclub.com.br/davidson-silva/hoje-quero-ser-so-teu/,https://www.youtube.com/results?search_query=Davidson+Silva+Hoje+Quero+Ser+Só+Teu,Pós-comunhão / oração / ação de graças
HOJE É TEMPO DE LOUVAR A DEUS,"","","","","","",Entrada / louvor
HOLOCAUSTO DE AMOR,Comunidade Católica Shalom,Comunidade Católica Shalom,"",https://www.cifraclub.com.br/comunidade-catolica-shalom/holocausto-de-amor/,https://www.cifraclub.com.br/comunidade-catolica-shalom/holocausto-de-amor/,https://www.youtube.com/results?search_query=Comunidade+Católica+Shalom+Holocausto+de+Amor,Pós-comunhão / oração / ação de graças
HOMEM NOVO,Davidson Silva,Davidson Silva,"",https://www.cifraclub.com.br/davidson-silva/homem-novo/,https://www.cifraclub.com.br/davidson-silva/homem-novo/,https://www.youtube.com/results?search_query=Davidson+Silva+Homem+Novo,Pós-comunhão / oração / ação de graças
HOMENAGEM A MARIA,Pe. José Bortolini; música: Ir. Míria T. Kolling,Ir. Míria T. Kolling,"","","",https://www.youtube.com/results?search_query=Ir.+M%C3%ADria+T.+Kolling+HOMENAGEM+A+MARIA,Canto final / mariano / Assunção de Nossa Senhora
HOSANA,Ministério Amor e Adoração,Ministério Amor e Adoração,"",https://www.cifraclub.com.br/ministerio-amor-e-adoracao/hosana/,https://www.cifraclub.com.br/ministerio-amor-e-adoracao/hosana/,https://www.youtube.com/results?search_query=Ministério+Amor+e+Adoração+Hosana,Santo
HOSANA NAS ALTURAS,Comunidade Católica Shalom,Comunidade Católica Shalom,"",https://www.cifraclub.com.br/comunidade-catolica-shalom/hosana-nas-alturas/,https://www.cifraclub.com.br/comunidade-catolica-shalom/hosana-nas-alturas/,https://www.youtube.com/results?search_query=Comunidade+Católica+Shalom+Hosana+nas+Alturas,Santo
HUMANO AMOR DE DEUS,Adriana Arydes,Adriana Arydes,"",https://www.cifraclub.com.br/adriana/humano-amor-de-deus/,https://www.cifraclub.com.br/adriana/humano-amor-de-deus/,"",Reflexão / ação de graças
HÓSTIAS E PRECES DE LOUVOR,"Fr. Joel Postma, OFM","Fr. Joel Postma, OFM","","","","",Apresentação das oferendas / Fiéis Defuntos
IGREJA REUNIDA,Carlos Eduardo Da Silva,Ministério Amor e Adoração,E,https://www.cifraclub.com.br/ministerio-amor-e-adoracao/igreja-reunida/,https://www.cifraclub.com.br/ministerio-amor-e-adoracao/igreja-reunida/,"",Entrada / assembleia reunida
IMACULADA,Missionário Shalom,Missionário Shalom,"","","",https://www.youtube.com/results?search_query=Mission%C3%A1rio+Shalom+IMACULADA,Mariana / Imaculada Conceição
IMACULADA MARIA DE DEUS,Repertório católico,Músicas Católicas,"","","",https://www.youtube.com/results?search_query=M%C3%BAsicas+Cat%C3%B3licas+IMACULADA+MARIA+DE+DEUS,Mariana / Imaculada Conceição
"IMACULADA, MARIA DO POVO","Frei Fabreti, OFM","Frei Fabreti, OFM","","","",https://www.youtube.com/results?search_query=Frei+Fabreti%2C+OFM+IMACULADA%2C+MARIA+DO+POVO,Canto final / mariano / Assunção de Nossa Senhora
IMAGEM E SEMELHANÇA DO AMOR,Comunidade Católica Shalom,Comunidade Católica Shalom,"",https://www.cifraclub.com.br/comunidade-catolica-shalom/imagem-e-semelhanca-do-amor/,https://www.cifraclub.com.br/comunidade-catolica-shalom/imagem-e-semelhanca-do-amor/,https://www.youtube.com/results?search_query=Comunidade+Católica+Shalom+Imagem+e+Semelhança+do+Amor,Pós-comunhão / oração / ação de graças
INCENDEIA MINHA ALMA,Canção Nova,Canção Nova,"",https://www.cifraclub.com.br/cancao-nova/incendeia-minha-alma/,https://www.cifraclub.com.br/cancao-nova/incendeia-minha-alma/,https://www.youtube.com/results?search_query=Canção+Nova+Incendeia+Minha+Alma,Invocação ao Espírito Santo
INCOMPARÁVEL SENHOR,Ministério Amor e Adoração,Ministério Amor e Adoração,"",https://www.cifraclub.com.br/ministerio-amor-e-adoracao/incomparavel-senhor/,https://www.cifraclub.com.br/ministerio-amor-e-adoracao/incomparavel-senhor/,https://www.youtube.com/results?search_query=Ministério+Amor+e+Adoração+Incomparável+Senhor,Pós-comunhão / oração / ação de graças
INIGUALÁVEL COMUNHÃO,Ministério Missionário Shalom,Ministério Missionário Shalom,C,https://www.cifraclub.com.br/missionario-shalom/inigualavel-comunhao/,https://www.cifraclub.com.br/missionario-shalom/inigualavel-comunhao/,https://www.youtube.com/results?search_query=Ministério+Missionário+Shalom+Inigualável+Comunhão,Comunhão / Eucaristia
IRRESISTIVELMENTE,Nicodemos Costa; Evacy; Gustavo Osterno; Susi Castro; Dudu Cardoso,Comunidade Católica Shalom,"",https://www.cifraclub.com.br/comunidade-catolica-shalom/irresistivelmente/,https://www.cifraclub.com.br/comunidade-catolica-shalom/irresistivelmente/,https://www.youtube.com/results?search_query=Comunidade+Cat%C3%B3lica+Shalom+IRRESISTIVELMENTE,Pós-comunhão / adoração
JARDIM DE DEUS,Adriana Arydes,Adriana Arydes,"",https://www.cifraclub.com.br/adriana/jardim-de-deus/,https://www.cifraclub.com.br/adriana/jardim-de-deus/,https://www.youtube.com/results?search_query=Adriana+Arydes+Jardim+de+Deus,Pós-comunhão / oração / ação de graças
JESUS CRISTO ESTÁ REALMENTE,CNBB / Música Litúrgica,CNBB / Música Litúrgica,"","","",https://www.youtube.com/watch?v=lHrHznnYcdM,Louvor final / Corpus Christi / adoração
JESUS CRISTO MORREU POR TODOS NÓS,"Pe. José Weber, SVD","Pe. José Weber, SVD","","","","","Comunhão / Exaltação da Santa Cruz / 2Cor 5,15"
"JESUS CRISTO, SENDO DEUS",Reginaldo Veloso,Reginaldo Veloso,"","","","","Comunhão / Exaltação da Santa Cruz / Fl 2,6-11"
"JESUS SACRAMENTADO, NOSSO SOL EUCARÍSTICO",Comunidade Católica Shalom,Comunidade Católica Shalom,"","","",https://www.youtube.com/results?search_query=Comunidade+Cat%C3%B3lica+Shalom+JESUS+SACRAMENTADO%2C+NOSSO+SOL+EUCAR%C3%8DSTICO,Adoração eucarística
JESUS VOLTARÁ,Ministério Amor e Adoração,Ministério Amor e Adoração,"",https://www.cifraclub.com.br/ministerio-amor-e-adoracao/jesus-voltara/,https://www.cifraclub.com.br/ministerio-amor-e-adoracao/jesus-voltara/,https://www.youtube.com/results?search_query=Ministério+Amor+e+Adoração+Jesus+Voltará,Pós-comunhão / oração / ação de graças
JESUS É O SENHOR,Comunidade Católica Shalom,Comunidade Católica Shalom,"",https://www.cifraclub.com.br/comunidade-catolica-shalom/jesus-e-o-senhor/,https://www.cifraclub.com.br/comunidade-catolica-shalom/jesus-e-o-senhor/,https://www.youtube.com/results?search_query=Comunidade+Cat%C3%B3lica+Shalom+JESUS+%C3%89+O+SENHOR,Louvor / senhorio de Jesus
KYRIE - ATO PENITENCIAL TEMPO COMUM,Marcelo Oliveira,Marcelo Oliveira Católico,Em,https://www.cifraclub.com.br/marcelo-oliveira-catolico/kyrie-ato-penitencial-tempo-comum/,https://www.cifraclub.com.br/marcelo-oliveira-catolico/kyrie-ato-penitencial-tempo-comum/,"",Ato penitencial / Tempo Comum
KYRIE ELEISON,Comunidade Católica Shalom,Comunidade Católica Shalom,"",https://www.cifraclub.com.br/comunidade-catolica-shalom/kyrie-eleison/,https://www.cifraclub.com.br/comunidade-catolica-shalom/kyrie-eleison/,https://www.youtube.com/results?search_query=Comunidade+Católica+Shalom+Kyrie+Eleison,Ato penitencial
KYRIE ELEISON (JMJ 2013 - LITÚRGICO),Samara Marques; Rodrigo Lima de Carvalho,JMJ RIO 2013,Bm,https://www.cifraclub.com.br/jmj-rio-2013/kyrie-eleison/,https://www.cifraclub.com.br/jmj-rio-2013/kyrie-eleison/,"",Ato penitencial / Kyrie
KYRIE ELEISON - ATO PENITENCIAL,Géo Maia,Géo Maia,D,https://www.cifraclub.com.br/geo-maia/kyrie-eleison-ato-penitencial/,https://www.cifraclub.com.br/geo-maia/kyrie-eleison-ato-penitencial/,"",Ato penitencial / Batismo e Espírito Santo
LADAINHA DA HUMILDADE,Ministério Missionário Shalom,Ministério Missionário Shalom,"",https://www.cifraclub.com.br/missionario-shalom/ladainha-da-humildade/,https://www.cifraclub.com.br/missionario-shalom/ladainha-da-humildade/,https://www.youtube.com/results?search_query=Ministério+Missionário+Shalom+Ladainha+da+Humildade,Pós-comunhão / oração / ação de graças
LADO A LADO,Ministério Amor e Adoração,Ministério Amor e Adoração,"",https://www.cifraclub.com.br/ministerio-amor-e-adoracao/lado-a-lado/,https://www.cifraclub.com.br/ministerio-amor-e-adoracao/lado-a-lado/,https://www.youtube.com/results?search_query=Ministério+Amor+e+Adoração+Lado+a+Lado,Pós-comunhão / oração / ação de graças
LINDO CÉU,Adriana Arydes,Adriana Arydes,C,https://www.cifraclub.com.br/adriana/lindo-ceu/,https://www.cifraclub.com.br/adriana/lindo-ceu/,"",Esperança / céu / ação de graças
LIÇÃO DE AMOR,Padre Fábio de Melo,Padre Fábio de Melo,"",https://www.cifraclub.com.br/pe-fabio-de-melo/licao-de-amor/,https://www.cifraclub.com.br/pe-fabio-de-melo/licao-de-amor/,https://www.youtube.com/results?search_query=Padre+Fábio+de+Melo+Lição+de+Amor,Pós-comunhão / oração / ação de graças
LOUVOR DA TUA GLÓRIA,Comunidade Católica Shalom,Comunidade Católica Shalom,D,https://www.cifraclub.com.br/comunidade-catolica-shalom/louvor-da-tua-gloria/,https://www.cifraclub.com.br/comunidade-catolica-shalom/louvor-da-tua-gloria/,https://www.youtube.com/results?search_query=Comunidade+Cat%C3%B3lica+Shalom+LOUVOR+DA+TUA+GL%C3%93RIA,Louvor
LOUVOR E GLÓRIA,Davidson Silva,Davidson Silva,"",https://www.cifraclub.com.br/davidson-silva/louvor-e-gloria/,https://www.cifraclub.com.br/davidson-silva/louvor-e-gloria/,https://www.youtube.com/results?search_query=Davidson+Silva+Louvor+e+Glória,Pós-comunhão / oração / ação de graças
LUGAR DE ADORAÇÃO E VIDA,Ministério Amor e Adoração,Ministério Amor e Adoração,"",https://www.cifraclub.com.br/ministerio-amor-e-adoracao/lugar-de-adoracao-e-vida/,https://www.cifraclub.com.br/ministerio-amor-e-adoracao/lugar-de-adoracao-e-vida/,https://www.youtube.com/results?search_query=Ministério+Amor+e+Adoração+Lugar+de+Adoração+e+Vida,Adoração
LUZ PARA O MEU CAMINHO,Ministério Amor e Adoração,Ministério Amor e Adoração,E,https://www.cifraclub.com.br/ministerio-amor-e-adoracao/luz-para-o-meu-caminho/,https://www.cifraclub.com.br/ministerio-amor-e-adoracao/luz-para-o-meu-caminho/,"",Oração / ação de graças
MAGNIFICAT,Ministério Amor e Adoração,Ministério Amor e Adoração,"",https://www.cifraclub.com.br/ministerio-amor-e-adoracao/magnificat/,https://www.cifraclub.com.br/ministerio-amor-e-adoracao/magnificat/,https://www.youtube.com/results?search_query=Ministério+Amor+e+Adoração+Magnificat,Mariana
MAIS QUE VENCEDOR,Adriana Arydes,Adriana Arydes,"",https://www.cifraclub.com.br/adriana/mais-que-vencedor/,https://www.cifraclub.com.br/adriana/mais-que-vencedor/,https://www.youtube.com/results?search_query=Adriana+Arydes+Mais+que+Vencedor,Pós-comunhão / oração / ação de graças
MAIS ÍNTIMO,Frei Gilson,Frei Gilson,E,https://www.cifraclub.com.br/frei-gilson/mais-intimo/,https://www.cifraclub.com.br/frei-gilson/mais-intimo/,https://www.youtube.com/results?search_query=Frei+Gilson+MAIS+%C3%8DNTIMO,Intimidade com Deus / oração
MAJESTOSA EUCARISTIA,Anjos de Resgate,Anjos de Resgate,"","","",https://www.youtube.com/results?search_query=Anjos+de+Resgate+MAJESTOSA+EUCARISTIA,Adoração eucarística
MARIA,Adriana Arydes,Adriana Arydes,"",https://www.cifraclub.com.br/adriana/maria/,https://www.cifraclub.com.br/adriana/maria/,https://www.youtube.com/results?search_query=Adriana+Arydes+Maria,Mariana
MARIA DA MINHA INFÂNCIA,"Pe. Zezinho, SCJ",Padre Zezinho,"","","",https://www.youtube.com/results?search_query=Padre+Zezinho+MARIA+DA+MINHA+INF%C3%82NCIA,Mariana / devoção filial
"MARIA DE DEUS, SENHORA DA PAZ",Repertório católico,Músicas Católicas,"","","",https://www.youtube.com/results?search_query=M%C3%BAsicas+Cat%C3%B3licas+MARIA+DE+DEUS%2C+SENHORA+DA+PAZ,Mariana / Rainha da Paz
MARIA DE NAZARÉ,"Pe. Zezinho, SCJ",Padre Zezinho,"","","",https://www.youtube.com/results?search_query=Padre+Zezinho+MARIA+DE+NAZAR%C3%89,Mariana / vida e missão de Maria
MARIA E O ANJO,Anjos de Resgate,Anjos de Resgate,"","","",https://www.youtube.com/results?search_query=Anjos+de+Resgate+MARIA+E+O+ANJO,Mariana / Anunciação
MARIA FOI ASSUNTA AO CÉU,"Gradual Romano; música: Frei Wanderson Luiz, O.Carm.","Frei Wanderson Luiz, O.Carm.","","","","",Apresentação das oferendas / Assunção de Nossa Senhora
MARIA PASSA À FRENTE,Frei Gilson,Frei Gilson,"","","",https://www.youtube.com/results?search_query=Frei+Gilson+MARIA+PASSA+%C3%80+FRENTE,Mariana / intercessão
"MARIA, CHEIA DE GRAÇA",Marta Simoni; Marta Simone,Comunidade Católica Shalom,Em,https://www.cifraclub.com.br/comunidade-catolica-shalom/maria-cheia-de-graca/,https://www.cifraclub.com.br/comunidade-catolica-shalom/maria-cheia-de-graca/,https://www.youtube.com/results?search_query=Comunidade+Cat%C3%B3lica+Shalom+MARIA%2C+CHEIA+DE+GRA%C3%87A,Mariana / Imaculada Conceição / devoção a Nossa Senhora
"MARIA, MINHA MÃE",Comunidade Católica Shalom,Comunidade Católica Shalom,"","","",https://www.youtube.com/results?search_query=Comunidade+Cat%C3%B3lica+Shalom+MARIA%2C+MINHA+M%C3%83E,Mariana / devoção e entrega
"MARIA, MULHER FORTE",Repertório católico,Músicas Católicas,"","","",https://www.youtube.com/results?search_query=M%C3%BAsicas+Cat%C3%B3licas+MARIA%2C+MULHER+FORTE,Mariana / discipulado de Maria
"MARIA, MÃE DA IGREJA",Repertório católico,Músicas Católicas,"","","",https://www.youtube.com/results?search_query=M%C3%BAsicas+Cat%C3%B3licas+MARIA%2C+M%C3%83E+DA+IGREJA,"Mariana / Maria, Mãe da Igreja"
"MARIA, MÃE DA MINHA VIDA",Eliana Ribeiro,Eliana Ribeiro,"","","",https://www.youtube.com/results?search_query=Eliana+Ribeiro+MARIA%2C+M%C3%83E+DA+MINHA+VIDA,Mariana / entrega e devoção
"MARIA, MÃE DOS CAMINHANTES","Pe. Zezinho, SCJ",Padre Zezinho,"","","",https://www.youtube.com/results?search_query=Padre+Zezinho+MARIA%2C+M%C3%83E+DOS+CAMINHANTES,Mariana / peregrinação e caminhada
"MARIA, PORTA DO CÉU",Vida Reluz,Vida Reluz,"","","",https://www.youtube.com/results?search_query=Vida+Reluz+MARIA%2C+PORTA+DO+C%C3%89U,Mariana / intercessão
"MARIA, TU QUE VELAS POR MIM",Repertório católico,Músicas Católicas,"","","",https://www.youtube.com/results?search_query=M%C3%BAsicas+Cat%C3%B3licas+MARIA%2C+TU+QUE+VELAS+POR+MIM,Mariana / intercessão
ME CONDUZIRÁS,Davidson Silva,Davidson Silva,"",https://www.cifraclub.com.br/davidson-silva/me-conduziras/,https://www.cifraclub.com.br/davidson-silva/me-conduziras/,https://www.youtube.com/results?search_query=Davidson+Silva+Me+Conduzirás,Pós-comunhão / oração / ação de graças
ME CONSAGRO A TI,Frei Gilson,Frei Gilson,Bm,https://www.cifraclub.com.br/frei-gilson/me-consagro-a-ti/,https://www.cifraclub.com.br/frei-gilson/me-consagro-a-ti/,https://www.youtube.com/results?search_query=Frei+Gilson+ME+CONSAGRO+A+TI,Consagração / entrega
MERGULHEI,Davidson Silva,Davidson Silva,"",https://www.cifraclub.com.br/davidson-silva/mergulhei/,https://www.cifraclub.com.br/davidson-silva/mergulhei/,https://www.youtube.com/results?search_query=Davidson+Silva+Mergulhei,Pós-comunhão / oração / ação de graças
MESMO SENDO DEUS,Comunidade Católica Shalom,Comunidade Católica Shalom,"",https://www.cifraclub.com.br/comunidade-catolica-shalom/mesmo-sendo-deus/,https://www.cifraclub.com.br/comunidade-catolica-shalom/mesmo-sendo-deus/,https://www.youtube.com/results?search_query=Comunidade+Católica+Shalom+Mesmo+Sendo+Deus,Pós-comunhão / oração / ação de graças
MEU BOM PASTOR,Davidson Silva,Davidson Silva,"",https://www.cifraclub.com.br/davidson-silva/meu-bom-pastor/,https://www.cifraclub.com.br/davidson-silva/meu-bom-pastor/,https://www.youtube.com/results?search_query=Davidson+Silva+Meu+Bom+Pastor,Pós-comunhão / oração / ação de graças
MEU CAMINHO,Davidson Silva,Davidson Silva,"",https://www.cifraclub.com.br/davidson-silva/meu-caminho/,https://www.cifraclub.com.br/davidson-silva/meu-caminho/,https://www.youtube.com/results?search_query=Davidson+Silva+Meu+Caminho,Pós-comunhão / oração / ação de graças
MEU CORAÇÃO,Davidson Silva,Davidson Silva,"",https://www.cifraclub.com.br/davidson-silva/meu-coracao/,https://www.cifraclub.com.br/davidson-silva/meu-coracao/,https://www.youtube.com/results?search_query=Davidson+Silva+Meu+Coração,Pós-comunhão / oração / ação de graças
MEU CORAÇÃO ESTÁ PRONTO PRA TE AMAR,Frei Gilson,Frei Gilson,Bb,https://www.cifraclub.com.br/frei-gilson/meu-coracao-esta-pronto-pra-te-amar/,https://www.cifraclub.com.br/frei-gilson/meu-coracao-esta-pronto-pra-te-amar/,https://www.youtube.com/results?search_query=Frei+Gilson+MEU+CORA%C3%87%C3%83O+EST%C3%81+PRONTO+PRA+TE+AMAR,Amor de Deus / entrega
MEU PAI,Ministério Missionário Shalom,Ministério Missionário Shalom,"",https://www.cifraclub.com.br/missionario-shalom/meu-pai/,https://www.cifraclub.com.br/missionario-shalom/meu-pai/,https://www.youtube.com/results?search_query=Ministério+Missionário+Shalom+Meu+Pai,Pós-comunhão / oração / ação de graças
MEU TUDO,Comunidade Católica Shalom,Comunidade Católica Shalom,"","","",https://www.youtube.com/results?search_query=Comunidade+Cat%C3%B3lica+Shalom+MEU+TUDO,Adoração / entrega a Cristo
MILAGRE,Adriana Arydes,Adriana Arydes,"",https://www.cifraclub.com.br/adriana/milagre/,https://www.cifraclub.com.br/adriana/milagre/,https://www.youtube.com/results?search_query=Adriana+Arydes+Milagre,Pós-comunhão / oração / ação de graças
MILAGRE DE AMOR,Padre Fábio de Melo,Padre Fábio de Melo,"",https://www.cifraclub.com.br/pe-fabio-de-melo/milagre-de-amor/,https://www.cifraclub.com.br/pe-fabio-de-melo/milagre-de-amor/,https://www.youtube.com/results?search_query=Padre+Fábio+de+Melo+Milagre+de+Amor,Pós-comunhão / oração / ação de graças
MINH'ALMA DÁ GLÓRIAS AO SENHOR,Repertório litúrgico católico,Músicas Católicas,"","","",https://www.youtube.com/results?search_query=M%C3%BAsicas+Cat%C3%B3licas+MINH%27ALMA+D%C3%81+GL%C3%93RIAS+AO+SENHOR,Mariana / Magnificat
MINHA ESSÊNCIA,Thiago Brado,Thiago Brado,"","","",https://www.youtube.com/results?search_query=Thiago+Brado+MINHA+ESS%C3%8ANCIA,Pós-comunhão / entrega e oração
MINHA FAMÍLIA É UMA BENÇÃO,Frei Gilson,Frei Gilson,G,https://www.letras.mus.br/frei-gilson/3852636/,https://www.cifraclub.com.br/frei-gilson/minha-familia-e-uma-bencao/,"",Família
MINHA FAMÍLIA É UMA BÊNÇÃO,Frei Gilson,Frei Gilson,G,https://www.cifraclub.com.br/frei-gilson/minha-familia-e-uma-bencao/,https://www.cifraclub.com.br/frei-gilson/minha-familia-e-uma-bencao/,https://www.youtube.com/results?search_query=Frei+Gilson+MINHA+FAM%C3%8DLIA+%C3%89+UMA+B%C3%8AN%C3%87%C3%83O,Família / bênção
MINHA GRAÇA TE BASTA,Adriana Arydes,Adriana Arydes,"",https://www.cifraclub.com.br/adriana/minha-graca-te-basta/,https://www.cifraclub.com.br/adriana/minha-graca-te-basta/,https://www.youtube.com/results?search_query=Adriana+Arydes+Minha+Graça+Te+Basta,Pós-comunhão / oração / ação de graças
MINHA VIDA TEM SENTIDO,Padre Zezinho,Padre Zezinho,D,https://www.cifraclub.com.br/padre-zezinho/minha-vida-tem-sentido/,https://www.cifraclub.com.br/padre-zezinho/minha-vida-tem-sentido/,"","Apresentação das oferendas / Pão, vinho e oferta do amor"
MISERICÓRDIA SENHOR,Canção Nova,Canção Nova,"",https://www.cifraclub.com.br/cancao-nova/misericordia-senhor/,https://www.cifraclub.com.br/cancao-nova/misericordia-senhor/,https://www.youtube.com/results?search_query=Canção+Nova+Misericórdia+Senhor,Ato penitencial
"MISERICÓRDIA, Ó SENHOR",Graduale Romanum; Liturgia das Horas; música: Frei Wanderson Luiz Freitas; Pe. J. Gelineau,CNBB / Música Litúrgica,"","","","",Apresentação das oferendas / Fiéis Defuntos
MISTÉRIO DA FÉ,Comunidade Católica Shalom,Comunidade Católica Shalom,"",https://www.cifraclub.com.br/comunidade-catolica-shalom/misterio-da-fe/,https://www.cifraclub.com.br/comunidade-catolica-shalom/misterio-da-fe/,https://www.youtube.com/results?search_query=Comunidade+Católica+Shalom+Mistério+da+Fé,Pós-comunhão / oração / ação de graças
MORADA SANTA,Ministério Amor e Adoração,Ministério Amor e Adoração,"",https://www.cifraclub.com.br/ministerio-amor-e-adoracao/morada-santa/,https://www.cifraclub.com.br/ministerio-amor-e-adoracao/morada-santa/,https://www.youtube.com/results?search_query=Ministério+Amor+e+Adoração+Morada+Santa,Pós-comunhão / oração / ação de graças
MUITO PERDOAIS,Comunidade Católica Shalom,Comunidade Católica Shalom,D,https://www.cifraclub.com.br/comunidade-catolica-shalom/muito-perdoais/,https://www.cifraclub.com.br/comunidade-catolica-shalom/muito-perdoais/,https://www.youtube.com/results?search_query=Comunidade+Católica+Shalom+Muito+Perdoais,Ato penitencial
MUITOS GRÃOS DE TRIGO,José Acácio Santana,Músicas Católicas,C,https://www.cifraclub.com.br/catolicas/muitos-graos-de-trigo/,https://www.cifraclub.com.br/catolicas/muitos-graos-de-trigo/,https://www.youtube.com/watch?v=Ny5rgue22f0,"Apresentação das oferendas / Pão, vinho e oferta da vida"
MÃE DA CONFIANÇA,Comunidade Católica Shalom,Comunidade Católica Shalom,"","","",https://www.youtube.com/results?search_query=Comunidade+Cat%C3%B3lica+Shalom+M%C3%83E+DA+CONFIAN%C3%87A,Mariana / confiança e intercessão
MÃE DA FÉ,Anjos de Resgate,Anjos de Resgate,"","","",https://www.youtube.com/results?search_query=Anjos+de+Resgate+M%C3%83E+DA+F%C3%89,Mariana / fé e intercessão
MÃE DA PAZ,Missionário Shalom,Missionário Shalom,"","","",https://www.youtube.com/results?search_query=Mission%C3%A1rio+Shalom+M%C3%83E+DA+PAZ,Mariana / Rainha da Paz
MÃE DE MISERICÓRDIA,COMUNIDADE CATÓLICA SHALOM,COMUNIDADE CATÓLICA SHALOM,"",https://www.cifraclub.com.br/comunidade-catolica-shalom/mae-de-misericordia/,https://www.cifraclub.com.br/comunidade-catolica-shalom/mae-de-misericordia/,https://www.youtube.com/results?search_query=Comunidade+Católica+Shalom+Mãe+de+Misericórdia,Ato penitencial
MÃE DE TODAS AS MÃES,Eliana Ribeiro,Eliana Ribeiro,"","","",https://www.youtube.com/results?search_query=Eliana+Ribeiro+M%C3%83E+DE+TODAS+AS+M%C3%83ES,Mariana / maternidade e intercessão
MÃE DO CÉU,Frei Gilson,Frei Gilson,"","","",https://www.youtube.com/results?search_query=Frei+Gilson+M%C3%83E+DO+C%C3%89U,Mariana / devoção a Nossa Senhora
MÃE DO CÉU MORENA,"Pe. Zezinho, SCJ",Padre Zezinho,"","","",https://www.youtube.com/results?search_query=Padre+Zezinho+M%C3%83E+DO+C%C3%89U+MORENA,Mariana / Nossa Senhora Aparecida
MÃE DO MEU SENHOR,Frei Gilson,Frei Gilson,"","","",https://www.youtube.com/results?search_query=Frei+Gilson+M%C3%83E+DO+MEU+SENHOR,Mariana / maternidade divina
MÃE DO NOVO HOMEM,"Pe. Zezinho, SCJ",Padre Zezinho,"","","",https://www.youtube.com/results?search_query=Padre+Zezinho+M%C3%83E+DO+NOVO+HOMEM,"Mariana / Maria, Mãe de Cristo e da Igreja"
"MÃE, EU QUERO TE AMAR",Frei Gilson,Frei Gilson,"","","",https://www.youtube.com/results?search_query=Frei+Gilson+M%C3%83E%2C+EU+QUERO+TE+AMAR,Mariana / devoção filial
MÃEZINHA DO CÉU,Repertório católico tradicional,Padre Marcelo Rossi,"","","",https://www.youtube.com/results?search_query=Padre+Marcelo+Rossi+M%C3%83EZINHA+DO+C%C3%89U,Mariana / devoção filial
NA COMUNHÃO TE ENTREGAS A MIM,Vida Reluz,Vida Reluz,C,https://www.cifraclub.com.br/vida-reluz/na-comunhao-te-entregas-a-mim/,https://www.cifraclub.com.br/vida-reluz/na-comunhao-te-entregas-a-mim/,"",Comunhão / entrega de Cristo na Eucaristia
NA MESA SAGRADA,Canção Nova,Canção Nova,"",https://www.cifraclub.com.br/cancao-nova/na-mesa-sagrada/,https://www.cifraclub.com.br/cancao-nova/na-mesa-sagrada/,https://www.youtube.com/results?search_query=Canção+Nova+Na+Mesa+Sagrada,Comunhão / Eucaristia
NA PÁSCOA DA NOVA ALIANÇA,"Frei José Moacyr Cadenassi, OFMCap; música: Ir. Míria T. Kolling",Ir. Míria T. Kolling,"","","","",Comunhão / Exaltação da Santa Cruz
NA TUA PRESENÇA,Ministério Amor e Adoração,Ministério Amor e Adoração,"",https://www.cifraclub.com.br/ministerio-amor-e-adoracao/na-tua-presenca/,https://www.cifraclub.com.br/ministerio-amor-e-adoracao/na-tua-presenca/,https://www.youtube.com/results?search_query=Ministério+Amor+e+Adoração+Na+Tua+Presença,Adoração
NA ÁGUA E NO ESPÍRITO,Léo Mantovani,Léo Mantovani,B,"","","",Ato penitencial / Batismo
NADA NOS SEPARARÁ,Davidson Silva,Davidson Silva,"",https://www.cifraclub.com.br/davidson-silva/nada-nos-separara/,https://www.cifraclub.com.br/davidson-silva/nada-nos-separara/,https://www.youtube.com/results?search_query=Davidson+Silva+Nada+Nos+Separará,Pós-comunhão / oração / ação de graças
NADA TEMEREI,Adriana Arydes,Adriana Arydes,"",https://www.cifraclub.com.br/adriana/nada-temerei/,https://www.cifraclub.com.br/adriana/nada-temerei/,https://www.youtube.com/results?search_query=Adriana+Arydes+Nada+Temerei,Pós-comunhão / oração / ação de graças
NADA VAI NOS SEPARAR,Frei Gilson,Frei Gilson,Bb,https://www.cifraclub.com.br/frei-gilson/nada-vai-nos-separar/,https://www.cifraclub.com.br/frei-gilson/nada-vai-nos-separar/,https://www.youtube.com/results?search_query=Frei+Gilson+NADA+VAI+NOS+SEPARAR,Amor de Deus / confiança
NAS ASAS DO SENHOR,Padre Fábio de Melo,Padre Fábio de Melo,"",https://www.cifraclub.com.br/pe-fabio-de-melo/nas-asas-do-senhor/,https://www.cifraclub.com.br/pe-fabio-de-melo/nas-asas-do-senhor/,https://www.youtube.com/results?search_query=Padre+Fábio+de+Melo+Nas+Asas+do+Senhor,Pós-comunhão / oração / ação de graças
"NEM A VIDA, NEM A MORTE",Ir. Míria T. Kolling,Ir. Míria T. Kolling,"","","","",Apresentação das oferendas / Fiéis Defuntos
NO ALTAR NO DO MEU SENHOR,Canção Nova,Canção Nova,"",https://www.cifraclub.com.br/cancao-nova/no-altar-no-do-meu-senhor/,https://www.cifraclub.com.br/cancao-nova/no-altar-no-do-meu-senhor/,https://www.youtube.com/results?search_query=Canção+Nova+No+Altar+No+do+Meu+Senhor,Apresentação das oferendas
NO SENHOR SE ENCONTRA A MISERICÓRDIA,Missal Romano; Liturgia das Horas; música: Pe. Sílvio Milanez,Pe. Sílvio Milanez,"","","","",Apresentação das oferendas / Missa pelos Fiéis Defuntos
NOITE EXCELSA,"","","","","","",Entrada / Natal - Missa da Noite
NOSSA GLÓRIA É A CRUZ,"Pe. José Weber, SVD","Pe. José Weber, SVD","","","","",Apresentação das oferendas / Exaltação da Santa Cruz
NOSSA MISSÃO,Adriana Arydes,Adriana Arydes,"",https://www.cifraclub.com.br/adriana/nossa-missao/,https://www.cifraclub.com.br/adriana/nossa-missao/,"",Missão / envio
NOSSA OFERTA DE AMOR,Comunidade Católica Shalom,Comunidade Católica Shalom,D,https://www.cifraclub.com.br/comunidade-catolica-shalom/nossa-oferta-de-amor/,https://www.cifraclub.com.br/comunidade-catolica-shalom/nossa-oferta-de-amor/,https://www.youtube.com/results?search_query=Comunidade+Católica+Shalom+Nossa+Oferta+de+Amor,Apresentação das oferendas
NOSSA SENHORA,Roberto Carlos; Erasmo Carlos,Adriana Arydes,"","","",https://www.youtube.com/results?search_query=Adriana+Arydes+NOSSA+SENHORA,Mariana / devoção a Nossa Senhora
NOVA MISSÃO,Dirceu Vicente De Paula,Músicas Católicas,"","","",https://www.youtube.com/results?search_query=M%C3%BAsicas+Cat%C3%B3licas+NOVA+MISS%C3%83O,"Canto final / missão, evangelização e testemunho"
NOVA UNÇÃO,Adriana Arydes,Adriana Arydes,"","","",https://www.youtube.com/results?search_query=Adriana+Arydes+NOVA+UN%C3%87%C3%83O,Canto final / envio e ação do Espírito; repertório classificado como FINAL
NOVO AMANHECER,Comunidade Católica Shalom,Comunidade Católica Shalom,"","","","",Entrada / louvor
NOVO DIA,Davidson Silva,Davidson Silva,"",https://www.cifraclub.com.br/davidson-silva/novo-dia/,https://www.cifraclub.com.br/davidson-silva/novo-dia/,https://www.youtube.com/results?search_query=Davidson+Silva+Novo+Dia,Pós-comunhão / oração / ação de graças
NÃO EXISTE AMOR SEM ENTREGA,Fr. Gotzon Aulestia; versão: Ir. Míria T. Kolling,Ir. Míria T. Kolling,"","","",https://www.youtube.com/watch?v=b9AkVgCfo8g,Comunhão / entrega e amor eucarístico
NÓS SOMOS MUITOS,"Pe. José Weber, SVD","Pe. José Weber, SVD","","","",https://www.youtube.com/watch?v=pNYJ9ELiW3c,Comunhão / unidade eclesial na Eucaristia
NÓS TE DAMOS MUITAS GRAÇAS,"Antônio Prado; Frei Joel Postma, OFM",CNBB / Música Litúrgica,"","","",https://www.youtube.com/watch?v=rCL8p7FzQ74,Comunhão / ação de graças / Hinário Litúrgico da CNBB
O AMOR DE DEUS COBRIU,Ir. Míria T. Kolling; Pe. Lúcio Floro,CNBB / Música Litúrgica,"","","",https://www.youtube.com/watch?v=BxvL5wsACYg,Canto final / Pentecostes
O BANQUETE DO CORDEIRO,Ministério Amor e Adoração,Ministério Amor e Adoração,"",https://www.cifraclub.com.br/ministerio-amor-e-adoracao/o-banquete-do-cordeiro/,https://www.cifraclub.com.br/ministerio-amor-e-adoracao/o-banquete-do-cordeiro/,https://www.youtube.com/results?search_query=Ministério+Amor+e+Adoração+O+Banquete+do+Cordeiro,Cordeiro de Deus
O CANTO DOS SINOS,Canção Nova,Canção Nova,"",https://www.cifraclub.com.br/cancao-nova/o-canto-dos-sinos/,https://www.cifraclub.com.br/cancao-nova/o-canto-dos-sinos/,https://www.youtube.com/results?search_query=Canção+Nova+O+Canto+Dos+Sinos,Pós-comunhão / oração / ação de graças
O ELEVADOR,Comunidade Católica Shalom,Comunidade Católica Shalom,"",https://www.cifraclub.com.br/comunidade-catolica-shalom/o-elevador/,https://www.cifraclub.com.br/comunidade-catolica-shalom/o-elevador/,https://www.youtube.com/results?search_query=Comunidade+Católica+Shalom+O+Elevador,Adoração
"O ESPÍRITO DE DEUS, ALELUIA",José Raimundo,CNBB / Música Litúrgica,"","","",https://www.youtube.com/results?search_query=CNBB+%2F+M%C3%BAsica+Lit%C3%BArgica+O+ESP%C3%8DRITO+DE+DEUS%2C+ALELUIA,Pentecostes / Espírito de Deus
O ESPÍRITO DO SENHOR,"Frei José Moacyr Cadenassi, OFMCap; música: Frei José Luiz Prim, OFM","Frei José Luiz Prim, OFM","","","",https://www.youtube.com/results?search_query=Frei+Jos%C3%A9+Luiz+Prim%2C+OFM+O+ESP%C3%8DRITO+DO+SENHOR,Canto final / missão no Espírito / Assunção de Nossa Senhora
O ESPÍRITO DO SENHOR REPOUSA SOBRE MIM,"Pe. José Weber, SVD","Pe. José Weber, SVD","","","",https://www.youtube.com/results?search_query=Pe.+Jos%C3%A9+Weber%2C+SVD+O+ESP%C3%8DRITO+DO+SENHOR+REPOUSA+SOBRE+MIM,Canto final / Pentecostes / missão
O ETERNO,Comunidade Católica Shalom,Comunidade Católica Shalom,"",https://www.cifraclub.com.br/comunidade-catolica-shalom/o-eterno/,https://www.cifraclub.com.br/comunidade-catolica-shalom/o-eterno/,https://www.youtube.com/results?search_query=Comunidade+Cat%C3%B3lica+Shalom+O+ETERNO,Louvor / contemplação
O MELHOR TU TENS PRA MIM,Ministério Amor e Adoração,Ministério Amor e Adoração,"",https://www.cifraclub.com.br/ministerio-amor-e-adoracao/o-melhor-tu-tens-pra-mim/,https://www.cifraclub.com.br/ministerio-amor-e-adoracao/o-melhor-tu-tens-pra-mim/,https://www.youtube.com/results?search_query=Ministério+Amor+e+Adoração+O+Melhor+Tu+Tens+Pra+Mim,Pós-comunhão / oração / ação de graças
O MUNDO VAI OUVIR A SUA VOZ,Ministério Amor e Adoração,Ministério Amor e Adoração,"",https://www.cifraclub.com.br/ministerio-amor-e-adoracao/o-mundo-vai-ouvir-a-sua-voz/,https://www.cifraclub.com.br/ministerio-amor-e-adoracao/o-mundo-vai-ouvir-a-sua-voz/,https://www.youtube.com/results?search_query=Ministério+Amor+e+Adoração+O+Mundo+Vai+Ouvir+a+Sua+Voz,Pós-comunhão / oração / ação de graças
O PAI ENVIOU SEU FILHO QUERIDO,Pe. José Freitas Campos,Pe. José Freitas Campos,"","","",https://www.youtube.com/watch?v=pFQejP-b8EI,Comunhão / Cristo enviado pelo Pai
O PAI TE ESPERA,Ministério Amor e Adoração,Ministério Amor e Adoração,"",https://www.cifraclub.com.br/ministerio-amor-e-adoracao/o-pai-te-espera/,https://www.cifraclub.com.br/ministerio-amor-e-adoracao/o-pai-te-espera/,https://www.youtube.com/results?search_query=Ministério+Amor+e+Adoração+O+Pai+Te+Espera,Pós-comunhão / oração / ação de graças
O POÇO,Adriana Arydes,Adriana Arydes,"",https://www.cifraclub.com.br/adriana/o-poco/,https://www.cifraclub.com.br/adriana/o-poco/,https://www.youtube.com/results?search_query=Adriana+Arydes+O+Poço,Pós-comunhão / oração / ação de graças
O PÃO DA VIDA - COMUNHÃO,Músicas Católicas,Músicas Católicas,D,https://www.cifraclub.com.br/catolicas/o-pao-da-vida-comunhao/,https://www.cifraclub.com.br/catolicas/o-pao-da-vida-comunhao/,"",Comunhão / Pão da Vida e unidade com Cristo e os irmãos
"O PÃO DA VIDA, A COMUNHÃO","Pe. José Weber, SVD","Pe. José Weber, SVD","","","",https://www.youtube.com/watch?v=jZVqI9Fo0jI,Comunhão / Pão da Vida / Hinário Litúrgico da CNBB
O PÃO DE DEUS É O PÃO DA VIDA,"Pe. José Weber, SVD","Pe. José Weber, SVD","","","",https://www.youtube.com/watch?v=8PdnGv0JC_c,Comunhão / Pão da Vida / Hinário Litúrgico da CNBB
O SANTO NOME DO SENHOR,"Gradual Triplex; Liturgia das Horas; música: Frei Wanderson Luiz, O.Carm.","Frei Wanderson Luiz, O.Carm.","","","","",Apresentação das oferendas / Exaltação da Santa Cruz
O SENHOR PODEROSO EM AMOR,Reginaldo Veloso,Reginaldo Veloso,"","","",https://www.youtube.com/watch?v=Q-QSiLs3-GY,Comunhão / convite ao banquete eucarístico
"O SENHOR SUBIU AO CÉU, ALELUIA!",Reginaldo Veloso,Reginaldo Veloso,"","","","",Comunhão / Ascensão do Senhor / Salmo 68(67)
OBRA NOVA,Vida Reluz,Vida Reluz,"","","",https://www.youtube.com/results?search_query=Vida+Reluz+OBRA+NOVA,Canto final / missão e vida nova; repertório classificado como FINAL
OCEANOS,Hillsong United / versão em português,Frei Gilson,Bm,https://www.cifraclub.com.br/frei-gilson/oceanos/,https://www.cifraclub.com.br/frei-gilson/oceanos/,https://www.youtube.com/results?search_query=Frei+Gilson+OCEANOS,Confiança / fé
OFERTA,Ministério Missionário Shalom,Ministério Missionário Shalom,"",https://www.cifraclub.com.br/missionario-shalom/oferta/,https://www.cifraclub.com.br/missionario-shalom/oferta/,https://www.youtube.com/results?search_query=Ministério+Missionário+Shalom+Oferta,Apresentação das oferendas
OFERTA DE LOUVOR,Ministério Amor e Adoração,Ministério Amor e Adoração,A,https://www.cifraclub.com.br/ministerio-amor-e-adoracao/oferta-de-louvor/,https://www.cifraclub.com.br/ministerio-amor-e-adoracao/oferta-de-louvor/,"",Apresentação das oferendas
OFÍCIO DA IMACULADA CONCEIÇÃO,Canção Nova,Canção Nova,"",https://www.cifraclub.com.br/cancao-nova/oficio-da-imaculada-conceicao/,https://www.cifraclub.com.br/cancao-nova/oficio-da-imaculada-conceicao/,https://www.youtube.com/results?search_query=Canção+Nova+Ofício+da+Imaculada+Conceição,Mariana
OH SENHOR TENDE PIEDADE,Ministério Amor e Adoração,Ministério Amor e Adoração,"",https://www.cifraclub.com.br/ministerio-amor-e-adoracao/oh-senhor-tende-piedade/,https://www.cifraclub.com.br/ministerio-amor-e-adoracao/oh-senhor-tende-piedade/,https://www.youtube.com/results?search_query=Ministério+Amor+e+Adoração+Oh+Senhor+Tende+Piedade,Ato penitencial
OH! ESPÍRITO SANTO,Almeida Neto,Comunidade Católica Shalom,E,https://www.cifraclub.com.br/comunidade-catolica-shalom/oh-espirito-santo/,https://www.cifraclub.com.br/comunidade-catolica-shalom/oh-espirito-santo/,https://www.youtube.com/results?search_query=Comunidade+Cat%C3%B3lica+Shalom+OH%21+ESP%C3%8DRITO+SANTO,Invocação ao Espírito Santo / consolação e renovação
OLHA PRA MIM,Davidson Silva,Davidson Silva,"",https://www.cifraclub.com.br/davidson-silva/olha-pra-mim/,https://www.cifraclub.com.br/davidson-silva/olha-pra-mim/,https://www.youtube.com/results?search_query=Davidson+Silva+Olha+Pra+Mim,Pós-comunhão / oração / ação de graças
ORAÇÃO DE SÃO FRANCISCO,Adriana Arydes,Adriana Arydes,"",https://www.cifraclub.com.br/adriana/oracao-de-sao-francisco/,https://www.cifraclub.com.br/adriana/oracao-de-sao-francisco/,https://www.youtube.com/results?search_query=Adriana+Arydes+Oração+de+São+Francisco,Pós-comunhão / oração / ação de graças
ORAÇÃO EUCARÍSTICA,Comunidade Católica Shalom,Comunidade Católica Shalom,"",https://www.cifraclub.com.br/comunidade-catolica-shalom/oracao-eucaristica/,https://www.cifraclub.com.br/comunidade-catolica-shalom/oracao-eucaristica/,https://www.youtube.com/results?search_query=Comunidade+Católica+Shalom+Oração+Eucarística,Pós-comunhão / oração / ação de graças
ORAÇÃO EUCARÍSTICA I,Comunidade Católica Shalom,Comunidade Católica Shalom,"",https://www.cifraclub.com.br/comunidade-catolica-shalom/oracao-eucaristica-i/,https://www.cifraclub.com.br/comunidade-catolica-shalom/oracao-eucaristica-i/,https://www.youtube.com/results?search_query=Comunidade+Católica+Shalom+Oração+Eucarística+I,Pós-comunhão / oração / ação de graças
OS CÉUS SE ABRIRAM,"","","","","","",Entrada / Batismo do Senhor
OS OLHOS JAMAIS CONTEMPLARAM,Ir. Míria T. Kolling,Ir. Míria T. Kolling,"","","",https://www.youtube.com/watch?v=QlhKjDlxwRw,Apresentação das oferendas / Fiéis Defuntos
PAI NOSSO,Ministério Amor e Adoração,Ministério Amor e Adoração,"",https://www.cifraclub.com.br/ministerio-amor-e-adoracao/pai-nosso/,https://www.cifraclub.com.br/ministerio-amor-e-adoracao/pai-nosso/,https://www.youtube.com/results?search_query=Ministério+Amor+e+Adoração+Pai+Nosso,Pós-comunhão / oração / ação de graças
PARA ADORAR A TI,Renato Borges Neto,Comunidade Católica Shalom,"",https://www.cifraclub.com.br/comunidade-catolica-shalom/para-adorar-a-ti/,https://www.cifraclub.com.br/comunidade-catolica-shalom/para-adorar-a-ti/,https://www.youtube.com/results?search_query=Comunidade+Cat%C3%B3lica+Shalom+PARA+ADORAR+A+TI,Adoração / louvor e entrega
PARA SEMPRE TEU,Davidson Silva,Davidson Silva,"",https://www.cifraclub.com.br/davidson-silva/para-sempre-teu/,https://www.cifraclub.com.br/davidson-silva/para-sempre-teu/,https://www.youtube.com/results?search_query=Davidson+Silva+Para+Sempre+Teu,Pós-comunhão / oração / ação de graças
PARAPAPA,Ministério Missionário Shalom,Ministério Missionário Shalom,"",https://www.cifraclub.com.br/missionario-shalom/parapapa/,https://www.cifraclub.com.br/missionario-shalom/parapapa/,https://www.youtube.com/results?search_query=Ministério+Missionário+Shalom+Parapapa,Pós-comunhão / oração / ação de graças
PAZ NA TERRA,Comunidade Católica Shalom,Comunidade Católica Shalom,"",https://www.cifraclub.com.br/comunidade-catolica-shalom/paz-na-terra/,https://www.cifraclub.com.br/comunidade-catolica-shalom/paz-na-terra/,https://www.youtube.com/results?search_query=Comunidade+Católica+Shalom+Paz+Na+Terra,Pós-comunhão / oração / ação de graças
PEGADAS DE TUA AUSÊNCIA,Padre Fábio de Melo,Padre Fábio de Melo,"",https://www.cifraclub.com.br/pe-fabio-de-melo/pegadas-de-tua-ausencia/,https://www.cifraclub.com.br/pe-fabio-de-melo/pegadas-de-tua-ausencia/,https://www.youtube.com/results?search_query=Padre+Fábio+de+Melo+Pegadas+de+Tua+Ausência,Pós-comunhão / oração / ação de graças
PELAS ESTRADAS DA VIDA,"","","","","","",Entrada / caminhada
PELO SINAL DA SANTA CRUZ,Gradual Romano e Liturgia das Horas; música: Gílson Celerino,Gílson Celerino,"","","","",Comunhão / Exaltação da Santa Cruz
PELOS PECADOS - ATO PENITENCIAL,Músicas Católicas,Músicas Católicas,G,https://www.cifraclub.com.br/catolicas/pelos-pecados-ato-penitencial/,https://www.cifraclub.com.br/catolicas/pelos-pecados-ato-penitencial/,"",Ato penitencial / perdão
PERANTE OS VOSSOS ANJOS,Graduale Simplex; Liturgia das Horas; música: Angelo La Serra,Angelo La Serra,"","","","",Apresentação das oferendas / Fiéis Defuntos
PERDOA-ME,Comunidade Católica Shalom,Comunidade Católica Shalom,E,https://www.cifraclub.com.br/comunidade-catolica-shalom/perdoa-me/,https://www.cifraclub.com.br/comunidade-catolica-shalom/perdoa-me/,https://www.youtube.com/results?search_query=Comunidade+Católica+Shalom+Perdoa-me,Ato penitencial
PERDOA-ME - VERSÃO LITÚRGICA,Comunidade Católica Shalom,Comunidade Católica Shalom,D,https://www.cifraclub.com.br/comunidade-catolica-shalom/perdoa-me-versao-liturgica/,https://www.cifraclub.com.br/comunidade-catolica-shalom/perdoa-me-versao-liturgica/,"",Ato penitencial / fórmula litúrgica
PERFEITO É QUEM TE CRIOU,Walmir Alencar,Vida Reluz,"","","",https://www.youtube.com/results?search_query=Vida+Reluz+PERFEITO+%C3%89+QUEM+TE+CRIOU,Mariana / Imaculada Conceição / louvor a Deus pela Virgem Maria
PESCADOR DE HOMENS,Frei Gilson,Frei Gilson,Am,https://www.letras.mus.br/frei-gilson/2873627/,https://www.cifraclub.com.br/frei-gilson/pescador-de-homens/,"",Vocacional / envio
PIEDADE DE NÓS,Comunidade Católica Shalom,Comunidade Católica Shalom,"","","","",Ato penitencial / perdão
"PLENITUDE DA VERDADE, KYRIE",Ministério Amor e Adoração,Ministério Amor e Adoração,"",https://www.cifraclub.com.br/ministerio-amor-e-adoracao/plenitude-da-verdade-kyrie/,https://www.cifraclub.com.br/ministerio-amor-e-adoracao/plenitude-da-verdade-kyrie/,"https://www.youtube.com/results?search_query=Ministério+Amor+e+Adoração+Plenitude+da+Verdade,+Kyrie",Ato penitencial
PORQUE CHORAS,Frei Gilson,Frei Gilson,A,https://www.cifraclub.com.br/frei-gilson/porque-choras/,https://www.cifraclub.com.br/frei-gilson/porque-choras/,https://www.youtube.com/results?search_query=Frei+Gilson+PORQUE+CHORAS,Consolo / esperança
PORQUE SOIS FILHOS,"Frei Wanderson Luiz Freitas, O.Carm.","Frei Wanderson Luiz Freitas, O.Carm.","","","",https://www.youtube.com/watch?v=c10OZx3bMrQ,"Comunhão / Santíssima Trindade / Gl 4,6"
POSSO TUDO POSSO,Padre Fábio de Melo,Padre Fábio de Melo,"",https://www.cifraclub.com.br/pe-fabio-de-melo/posso-tudo-posso/,https://www.cifraclub.com.br/pe-fabio-de-melo/posso-tudo-posso/,https://www.youtube.com/results?search_query=Padre+Fábio+de+Melo+Posso+Tudo+Posso,Pós-comunhão / oração / ação de graças
PRA TE LOUVAR,Adriana Arydes,Adriana Arydes,"",https://www.cifraclub.com.br/adriana/pra-te-louvar/,https://www.cifraclub.com.br/adriana/pra-te-louvar/,https://www.youtube.com/results?search_query=Adriana+Arydes+Pra+Te+Louvar,Pós-comunhão / oração / ação de graças
PRESENÇA DIVINA,Comunidade Católica Shalom,Comunidade Católica Shalom,"","","",https://www.youtube.com/results?search_query=Comunidade+Cat%C3%B3lica+Shalom+PRESEN%C3%87A+DIVINA,Adoração / presença de Deus
PRESENÇA REAL,Marcos da Matta,Marcos da Matta,"","","",https://www.youtube.com/watch?v=1TK8xeljCFw,Comunhão / presença real de Cristo na Eucaristia
PÃO E VINHO,Carlos Eduardo Da Silva; Thiago Tome,Ministério Amor e Adoração,A,https://www.letras.mus.br/ministerio-amor-e-adoracao/1866371/,https://www.cifraclub.com.br/ministerio-amor-e-adoracao/pao-e-vinho/,https://www.youtube.com/watch?v=9DajLjlxM1o,Apresentação das oferendas
"PÃO E VINHO, PAI POREMOS",Ir. Míria T. Kolling,Ir. Míria T. Kolling,"","","",https://www.youtube.com/watch?v=5-l_LHdj9cY,Apresentação das oferendas / Pentecostes
PÃO EM TODAS AS MESAS,CNBB / Música Litúrgica,CNBB / Música Litúrgica,"","","",https://www.youtube.com/watch?v=Fz5WoxIDK54,Louvor final / Corpus Christi
QUAL É A CHAVE,Adriana Arydes,Adriana Arydes,"",https://www.cifraclub.com.br/adriana/qual-e-a-chave/,https://www.cifraclub.com.br/adriana/qual-e-a-chave/,https://www.youtube.com/results?search_query=Adriana+Arydes+Qual+É+a+Chave,Pós-comunhão / oração / ação de graças
QUANDO A PLENITUDE DOS TEMPOS CHEGOU,"","","","","","",Entrada / Natal
QUANDO EU FOR EXALTADO,"Missal Romano e Lecionário; música: Frei Wanderson Luiz Freitas, O.Carm.","Frei Wanderson Luiz Freitas, O.Carm.","","","","","Comunhão / Exaltação da Santa Cruz / Jo 12,32"
QUANDO O ESPÍRITO DE DEUS SOPROU,Zé Vicente,Zé Vicente,"","","",https://www.youtube.com/watch?v=Iq9v14IztBI,Canto final / Pentecostes / envio no Espírito
"QUE MARAVILHA, SENHOR, ESTAR AQUI",CNBB / Música Litúrgica,CNBB / Música Litúrgica,"","","","",Apresentação das oferendas / Missa do Crisma / oferta comunitária
QUE PODEREI RETRIBUIR,Comunidade Católica Shalom,Comunidade Católica Shalom,"",https://www.cifraclub.com.br/comunidade-catolica-shalom/que-poderei-retribuir/,https://www.cifraclub.com.br/comunidade-catolica-shalom/que-poderei-retribuir/,https://www.youtube.com/results?search_query=Comunidade+Católica+Shalom+Que+Poderei+Retribuir,Pós-comunhão / oração / ação de graças
QUE PODEREI RETRIBUIR AO SENHOR,Pe. José Weber; Arr. Delphim Rezende Porto,Pe. José Weber,F,https://www.cifraclub.com.br/pe-jose-weber/que-poderei-retribuir-ao-senhor/,https://www.cifraclub.com.br/pe-jose-weber/que-poderei-retribuir-ao-senhor/,"",Apresentação das oferendas / Salmo 115 / ação de graças
QUEM COME MINHA CARNE,Paulo Neto,Paulo Neto,"","","",https://www.youtube.com/watch?v=bTObIitD9DU,Comunhão / Corpus Christi / discurso do Pão da Vida
QUEM HABITARÁ NA TUA CASA?,Jocy Rodrigues,Jocy Rodrigues,"","","","",Apresentação das oferendas / Fiéis Defuntos
QUEM É ESSA,Comunidade Católica Shalom,Comunidade Católica Shalom,"",https://www.cifraclub.com.br/comunidade-catolica-shalom/quem-e-essa/,https://www.cifraclub.com.br/comunidade-catolica-shalom/quem-e-essa/,https://www.youtube.com/results?search_query=Comunidade+Católica+Shalom+Quem+É+Essa,Pós-comunhão / oração / ação de graças
QUEM É ESSE DEUS,Ministério Missionário Shalom,Ministério Missionário Shalom,"",https://www.cifraclub.com.br/missionario-shalom/quem-e-esse-deus/,https://www.cifraclub.com.br/missionario-shalom/quem-e-esse-deus/,https://www.youtube.com/results?search_query=Ministério+Missionário+Shalom+Quem+é+esse+Deus,Pós-comunhão / oração / ação de graças
QUEM É ESTA QUE AVANÇA COMO A AURORA,Repertório católico,Vida Reluz,"","","",https://www.youtube.com/results?search_query=Vida+Reluz+QUEM+%C3%89+ESTA+QUE+AVAN%C3%87A+COMO+A+AURORA,Mariana / Imaculada / devoção
QUEREMOS TE VER,Davidson Silva,Davidson Silva,"",https://www.cifraclub.com.br/davidson-silva/queremos-te-ver/,https://www.cifraclub.com.br/davidson-silva/queremos-te-ver/,https://www.youtube.com/results?search_query=Davidson+Silva+Queremos+Te+Ver,Pós-comunhão / oração / ação de graças
QUERO CONFESSAR,Ministério Amor e Adoração,Ministério Amor e Adoração,A,https://www.cifraclub.com.br/ministerio-amor-e-adoracao/quero-confessar/,https://www.cifraclub.com.br/ministerio-amor-e-adoracao/quero-confessar/,"",Canto penitencial
QUERO LEVAR ESTA BÍBLIA,"","","","","","",Entrada / Palavra e missão
QUERO OUVIR TUA PALAVRA,Ministério Amor e Adoração,Ministério Amor e Adoração,"",https://www.cifraclub.com.br/ministerio-amor-e-adoracao/quero-ouvir-tua-palavra/,https://www.cifraclub.com.br/ministerio-amor-e-adoracao/quero-ouvir-tua-palavra/,https://www.youtube.com/results?search_query=Ministério+Amor+e+Adoração+Quero+Ouvir+Tua+Palavra,Aclamação / Palavra
QUERO TUA VONTADE,Ministério Missionário Shalom,Ministério Missionário Shalom,"",https://www.cifraclub.com.br/missionario-shalom/quero-tua-vontade/,https://www.cifraclub.com.br/missionario-shalom/quero-tua-vontade/,https://www.youtube.com/results?search_query=Ministério+Missionário+Shalom+Quero+Tua+Vontade,Pós-comunhão / oração / ação de graças
RAINHA DOS CÉUS,Comunidade Católica Shalom,Comunidade Católica Shalom,"",https://www.cifraclub.com.br/comunidade-catolica-shalom/rainha-dos-ceus/,https://www.cifraclub.com.br/comunidade-catolica-shalom/rainha-dos-ceus/,https://www.youtube.com/results?search_query=Comunidade+Católica+Shalom+Rainha+dos+Céus,Mariana
RAIOS DE MISERICÓRDIA,Ministério Amor e Adoração,Ministério Amor e Adoração,"",https://www.cifraclub.com.br/ministerio-amor-e-adoracao/raios-de-misericordia/,https://www.cifraclub.com.br/ministerio-amor-e-adoracao/raios-de-misericordia/,https://www.youtube.com/results?search_query=Ministério+Amor+e+Adoração+Raios+de+Misericórdia,Ato penitencial
RECEBE ADORAÇÃO,Ministério Amor e Adoração,Ministério Amor e Adoração,C,https://www.cifraclub.com.br/ministerio-amor-e-adoracao/recebe-adoracao/,https://www.cifraclub.com.br/ministerio-amor-e-adoracao/recebe-adoracao/,"",Adoração / oração
"RECEBE, DEUS AMIGO",Juracy B. A. Junior; música: Juliano Lima Lucas,CNBB / Música Litúrgica,"","","","",Apresentação das oferendas / Quaresma
"RECEBEMOS, Ó DEUS","","","","","","",Entrada / misericórdia
REDENÇÃO,Frei Gilson,Frei Gilson,D,https://www.cifraclub.com.br/frei-gilson/redencao/,https://www.cifraclub.com.br/frei-gilson/redencao/,https://www.youtube.com/results?search_query=Frei+Gilson+REDEN%C3%87%C3%83O,Redenção / cruz
REFÚGIO E SALVAÇÃO,Ministério Amor e Adoração,Ministério Amor e Adoração,"",https://www.cifraclub.com.br/ministerio-amor-e-adoracao/refugio-e-salvacao/,https://www.cifraclub.com.br/ministerio-amor-e-adoracao/refugio-e-salvacao/,https://www.youtube.com/results?search_query=Ministério+Amor+e+Adoração+Refúgio+e+Salvação,Pós-comunhão / oração / ação de graças
REI DOS CÉUS,Comunidade Católica Shalom,Comunidade Católica Shalom,"",https://www.cifraclub.com.br/comunidade-catolica-shalom/rei-dos-ceus/,https://www.cifraclub.com.br/comunidade-catolica-shalom/rei-dos-ceus/,https://www.youtube.com/results?search_query=Comunidade+Católica+Shalom+Rei+dos+Céus,Pós-comunhão / oração / ação de graças
RENOVA DO MUNDO,Comunidade Católica Shalom,Comunidade Católica Shalom,"",https://www.cifraclub.com.br/comunidade-catolica-shalom/renova-do-mundo/,https://www.cifraclub.com.br/comunidade-catolica-shalom/renova-do-mundo/,https://www.youtube.com/results?search_query=Comunidade+Católica+Shalom+Renova+do+Mundo,Pós-comunhão / oração / ação de graças
RESTA TER FÉ,Davidson Silva,Davidson Silva,"",https://www.cifraclub.com.br/davidson-silva/resta-ter-fe/,https://www.cifraclub.com.br/davidson-silva/resta-ter-fe/,https://www.youtube.com/results?search_query=Davidson+Silva+Resta+Ter+Fé,Pós-comunhão / oração / ação de graças
"RETORNA, ISRAEL","Frei Telles Ramon, O. de M.","Frei Telles Ramon, O. de M.","","","","",Apresentação das oferendas / Quaresma
REUNIDOS AQUI,Adriana Arydes,Adriana Arydes,"",https://www.cifraclub.com.br/adriana/reunidos-aqui/,https://www.cifraclub.com.br/adriana/reunidos-aqui/,https://www.youtube.com/results?search_query=Adriana+Arydes+Reunidos+Aqui,Pós-comunhão / oração / ação de graças
RIOS DE ÁGUA VIVA,Comunidade Católica Shalom,Comunidade Católica Shalom,Bb,https://www.cifraclub.com.br/comunidade-catolica-shalom/rios-de-agua-viva/,https://www.cifraclub.com.br/comunidade-catolica-shalom/rios-de-agua-viva/,https://www.youtube.com/results?search_query=Comunidade+Cat%C3%B3lica+Shalom+RIOS+DE+%C3%81GUA+VIVA,Vida no Espírito / oração
SACRAMENTO DA COMUNHÃO,Nelsinho Corrêa,Nelsinho Corrêa,D,https://www.cifraclub.com.br/nelsinho-correa/sacramento-da-comunhao/,https://www.cifraclub.com.br/nelsinho-correa/sacramento-da-comunhao/,"",Comunhão / presença de Cristo no Sacramento
SACRIFÍCIO DE AMOR,Comunidade Católica Shalom,Comunidade Católica Shalom,"",https://www.cifraclub.com.br/comunidade-catolica-shalom/sacrificio-de-amor/,https://www.cifraclub.com.br/comunidade-catolica-shalom/sacrificio-de-amor/,https://www.youtube.com/results?search_query=Comunidade+Cat%C3%B3lica+Shalom+SACRIF%C3%8DCIO+DE+AMOR,Paixão de Cristo / amor
SALMO 127,Canção Nova,Canção Nova,"",https://www.cifraclub.com.br/cancao-nova/salmo-127/,https://www.cifraclub.com.br/cancao-nova/salmo-127/,https://www.youtube.com/results?search_query=Canção+Nova+Salmo+127,Pós-comunhão / oração / ação de graças
SALVADOR,Frei Gilson,Frei Gilson,C,https://www.cifraclub.com.br/frei-gilson/salvador/,https://www.cifraclub.com.br/frei-gilson/salvador/,https://www.youtube.com/results?search_query=Frei+Gilson+SALVADOR,Jesus Salvador / louvor
SALVE RAINHA,Canção Nova,Canção Nova,"",https://www.cifraclub.com.br/cancao-nova/salve-rainha/,https://www.cifraclub.com.br/cancao-nova/salve-rainha/,https://www.youtube.com/results?search_query=Canção+Nova+Salve+Rainha,Mariana
SALVE RAINHA DO CÉU,Ministério Amor e Adoração,Ministério Amor e Adoração,"",https://www.cifraclub.com.br/ministerio-amor-e-adoracao/salve-rainha-do-ceu/,https://www.cifraclub.com.br/ministerio-amor-e-adoracao/salve-rainha-do-ceu/,https://www.youtube.com/results?search_query=Ministério+Amor+e+Adoração+Salve+Rainha+do+Céu,Mariana
SALVOS PELA CRUZ,Frei Gilson,Frei Gilson,A,https://www.cifraclub.com.br/frei-gilson/salvos-pela-cruz/,https://www.cifraclub.com.br/frei-gilson/salvos-pela-cruz/,https://www.youtube.com/results?search_query=Frei+Gilson+SALVOS+PELA+CRUZ,Cruz / redenção
SANCTUS,Comunidade Católica Shalom,Comunidade Católica Shalom,"",https://www.cifraclub.com.br/comunidade-catolica-shalom/sanctus/,https://www.cifraclub.com.br/comunidade-catolica-shalom/sanctus/,https://www.youtube.com/results?search_query=Comunidade+Católica+Shalom+Sanctus,Santo
SANTA MANIFESTAÇÃO,"","","","","","",Entrada / Epifania
SANTA MARIA DO CAMINHO,Juan Antonio Espinosa,Músicas Católicas,"","","",https://www.youtube.com/results?search_query=M%C3%BAsicas+Cat%C3%B3licas+SANTA+MARIA+DO+CAMINHO,Mariana / caminhada e missão
"SANTA MARIA, EU QUERO TE AGRADECER",Irmã Míria T. Kolling,Músicas Católicas,A,https://www.cifraclub.com.br/catolicas/santa-maria-eu-quero-te-agradecer-acao-de-gracas/,https://www.cifraclub.com.br/catolicas/santa-maria-eu-quero-te-agradecer-acao-de-gracas/,https://www.youtube.com/results?search_query=M%C3%BAsicas+Cat%C3%B3licas+SANTA+MARIA%2C+EU+QUERO+TE+AGRADECER,Ação de graças após a Comunhão / mariana e eucarística
SANTA MÃE DE DEUS,"","","","","","","Entrada / Santa Maria, Mãe de Deus"
SANTA MÃE MARIA,Anjos de Resgate,Anjos de Resgate,"","","",https://www.youtube.com/results?search_query=Anjos+de+Resgate+SANTA+M%C3%83E+MARIA,Mariana / maternidade de Maria
SANTO,Ministério Amor e Adoração,Ministério Amor e Adoração,C,https://www.cifraclub.com.br/ministerio-amor-e-adoracao/santo/,https://www.cifraclub.com.br/ministerio-amor-e-adoracao/santo/,"",Aclamação do Santo
SANTO,Frei Gilson,Frei Gilson,E,https://www.cifraclub.com.br/ministerio-amor-e-adoracao/santo/,https://www.cifraclub.com.br/frei-gilson/santo/,"",Aclamação do Santo
"SANTO (SANTO, SANTO, SANTO É O SENHOR, NOSSO DEUS)",Músicas Católicas,Músicas Católicas,D,https://www.cifraclub.com.br/catolicas/santo-santo-santo-santo-e-o-senhor-nosso-deus/,https://www.cifraclub.com.br/catolicas/santo-santo-santo-santo-e-o-senhor-nosso-deus/,"",Santo da Missa; versão em D
SANTO 2,Ministério Amor e Adoração,Ministério Amor e Adoração,G,https://www.cifraclub.com.br/ministerio-amor-e-adoracao/santo-2/,https://www.cifraclub.com.br/ministerio-amor-e-adoracao/santo-2/,"",Aclamação do Santo
SANTO ESPÍRITO,Frei Gilson,Frei Gilson,"","","",https://www.youtube.com/results?search_query=Frei+Gilson+SANTO+ESP%C3%8DRITO,Invocação ao Espírito Santo
"SANTO ESPÍRITO, SANTO ESPÍRITO",Comunidade Católica Shalom,Comunidade Católica Shalom,Am,https://www.cifraclub.com.br/comunidade-catolica-shalom/santo-espirito-santo-espirito/,https://www.cifraclub.com.br/comunidade-catolica-shalom/santo-espirito-santo-espirito/,https://www.youtube.com/results?search_query=Comunidade+Cat%C3%B3lica+Shalom+SANTO+ESP%C3%8DRITO%2C+SANTO+ESP%C3%8DRITO,Invocação ao Espírito Santo / fogo e amor
SANTO II,Ministério Amor e Adoração,Ministério Amor e Adoração,C,https://www.cifraclub.com.br/ministerio-amor-e-adoracao/santo-ii/,https://www.cifraclub.com.br/ministerio-amor-e-adoracao/santo-ii/,"",Santo da Missa; texto litúrgico do Sanctus
SANTO III,Adolfo Temme,CNBB,Bm,https://www.cifraclub.com.br/cnbb/santo-iii/,https://www.cifraclub.com.br/cnbb/santo-iii/,"",Santo da Missa / Ordinário; texto litúrgico do Sanctus
SANTO IV,CNBB,CNBB,Eb,https://www.cifraclub.com.br/cnbb/santo-iv/,https://www.cifraclub.com.br/cnbb/santo-iv/,"",Santo da Missa / Ordinário; texto litúrgico do Sanctus
SANTO MODELO DE LAR,"","","","","","",Entrada / Sagrada Família
SANTO V,Pe. Jose Geraldo de Souza,CNBB,A,https://www.cifraclub.com.br/cnbb/santo-v/,https://www.cifraclub.com.br/cnbb/santo-v/,"",Santo da Missa / Ordinário; texto litúrgico do Sanctus
SANTO É O SENHOR (CD NA DANÇA DA VIDA),Fernando Martins; Nicodemos Costa; Wilde Fábio; Leozany Oliveira; Debora Morais; Cristiano Pinheiro,Comunidade Católica Shalom,G,https://www.cifraclub.com.br/comunidade-catolica-shalom/santo-e-o-senhor/,https://www.cifraclub.com.br/comunidade-catolica-shalom/santo-e-o-senhor/,"","Santo da Missa; contém Santo, proclamação da glória, Hosana e Bendito"
SANTO É O SENHOR (CD RESSUSCITOU),Fernando Martins; Nicodemos Costa; Wilde Fábio; Leozany Oliveira; Debora Morais; Cristiano Pinheiro,Comunidade Católica Shalom,G,https://www.cifraclub.com.br/comunidade-catolica-shalom/santo-e-o-senhor-cd-ressuscitou/,https://www.cifraclub.com.br/comunidade-catolica-shalom/santo-e-o-senhor-cd-ressuscitou/,"",Santo da Missa; versão do álbum Ressuscitou
"SANTO, SANTO, SANTO SENHOR DEUS DO UNIVERSO",Músicas Católicas,Músicas Católicas,A,https://www.cifraclub.com.br/catolicas/santo-santo-santo-senhor-deus-do-universo/,https://www.cifraclub.com.br/catolicas/santo-santo-santo-senhor-deus-do-universo/,"",Santo da Missa; versão em A
"SANTO, SANTO, SANTO É O SENHOR (HOSANA)",Canção Nova,Canção Nova,"",https://www.cifraclub.com.br/cancao-nova/santo-santo-santo-e-o-senhor-hosana/,https://www.cifraclub.com.br/cancao-nova/santo-santo-santo-e-o-senhor-hosana/,"https://www.youtube.com/results?search_query=Canção+Nova+Santo,+Santo,+Santo+É+O+Senhor+(Hosana)",Santo
"SANTO, SANTO, SANTO É O SENHOR - SENHOR DEUS DO UNIVERSO",Músicas Católicas,Músicas Católicas,Bm,https://www.cifraclub.com.br/catolicas/santo-santo-santo-e-o-senhor-senhor-deus-do-universo/,https://www.cifraclub.com.br/catolicas/santo-santo-santo-e-o-senhor-senhor-deus-do-universo/,"",Santo da Missa; versão em Bm
"SANTO, SANTO, SANTO, SENHOR DEUS DO UNIVERSO",Ministério Amor e Adoração,Ministério Amor e Adoração,"",https://www.cifraclub.com.br/ministerio-amor-e-adoracao/santo-santo-santo-senhor-deus-do-universo/,https://www.cifraclub.com.br/ministerio-amor-e-adoracao/santo-santo-santo-senhor-deus-do-universo/,"https://www.youtube.com/results?search_query=Ministério+Amor+e+Adoração+Santo,+Santo,+Santo,+Senhor+Deus+do+Universo",Santo
"SANTO, SENHOR, DEUS DO UNIVERSO",Padre Pedro Brito Guimarães,Músicas Católicas,C,https://www.cifraclub.com.br/catolicas/santo-senhor-deus-do-universo/,https://www.cifraclub.com.br/catolicas/santo-senhor-deus-do-universo/,"",Santo da Missa; texto do Sanctus
SE COMPREENDESSES O DOM DE DEUS,Adriana Arydes,Adriana Arydes,"",https://www.cifraclub.com.br/adriana/se-compreendesses-o-dom-de-deus/,https://www.cifraclub.com.br/adriana/se-compreendesses-o-dom-de-deus/,https://www.youtube.com/results?search_query=Adriana+Arydes+Se+Compreendesses+o+Dom+de+Deus,Pós-comunhão / oração / ação de graças
SE NÃO FOR O TEU AMOR,Comunidade Católica Shalom,Comunidade Católica Shalom,"",https://www.cifraclub.com.br/comunidade-catolica-shalom/se-nao-for-o-teu-amor/,https://www.cifraclub.com.br/comunidade-catolica-shalom/se-nao-for-o-teu-amor/,https://www.youtube.com/results?search_query=Comunidade+Católica+Shalom+Se+Não+For+o+Teu+Amor,Pós-comunhão / oração / ação de graças
SE QUERES,Ministério Amor e Adoração,Ministério Amor e Adoração,"",https://www.cifraclub.com.br/ministerio-amor-e-adoracao/se-queres/,https://www.cifraclub.com.br/ministerio-amor-e-adoracao/se-queres/,https://www.youtube.com/results?search_query=Ministério+Amor+e+Adoração+Se+Queres,Pós-comunhão / oração / ação de graças
SEDE DE DEUS,José Raimundo Galvão,José Raimundo Galvão,"","","",https://www.youtube.com/watch?v=1OS-NC4SzYg,Comunhão / desejo de Deus
SEGURA A MINHA MÃO,Davidson Silva,Davidson Silva,"",https://www.cifraclub.com.br/davidson-silva/segura-a-minha-mao/,https://www.cifraclub.com.br/davidson-silva/segura-a-minha-mao/,https://www.youtube.com/results?search_query=Davidson+Silva+Segura+a+Minha+Mão,Pós-comunhão / oração / ação de graças
SEGURA NA MÃO DE DEUS,Nelson Monteiro da Mota,Padre Marcelo Rossi,E,https://www.cifraclub.com.br/padre-marcelo-rossi/segura-na-mao-de-deus/,https://www.cifraclub.com.br/padre-marcelo-rossi/segura-na-mao-de-deus/,https://www.youtube.com/results?search_query=Padre+Marcelo+Rossi+SEGURA+NA+M%C3%83O+DE+DEUS,"Canto final / envio, perseverança e caminhada"
SEJA MEU TUDO,Davidson Silva,Davidson Silva,"",https://www.cifraclub.com.br/davidson-silva/seja-meu-tudo/,https://www.cifraclub.com.br/davidson-silva/seja-meu-tudo/,https://www.youtube.com/results?search_query=Davidson+Silva+Seja+Meu+Tudo,Pós-comunhão / oração / ação de graças
SENHOR PIEDADE,Padre Marcelo Rossi,Padre Marcelo Rossi,"","","","",Ato penitencial / perdão
SENHOR QUE VIESTES NÃO PARA CONDENAR,Andre Zamur,David Melo,D,https://www.cifraclub.com.br/david-melo/ato-penitencial-senhor-que-viestes-nao-para-condenar/,https://www.cifraclub.com.br/david-melo/ato-penitencial-senhor-que-viestes-nao-para-condenar/,"",Ato penitencial / misericórdia
SENHOR QUE VIESTES SALVAR,Canção Nova,Canção Nova,"",https://www.cifraclub.com.br/cancao-nova/senhor-que-viestes-salvar/,https://www.cifraclub.com.br/cancao-nova/senhor-que-viestes-salvar/,https://www.youtube.com/results?search_query=Canção+Nova+Senhor+Que+Viestes+Salvar,Pós-comunhão / oração / ação de graças
SENHOR QUE VINDES VISITAR VOSSO POVO NA PAZ,Músicas Católicas,Músicas Católicas,D,https://www.cifraclub.com.br/catolicas/ato-penitencial-senhor-que-vindes-visitar-vosso-povo-na-paz/,https://www.cifraclub.com.br/catolicas/ato-penitencial-senhor-que-vindes-visitar-vosso-povo-na-paz/,"",Ato penitencial / Advento e reconciliação
SENHOR TENDE PIEDADE,Campanha da Fraternidade 2015,Campanha da Fraternidade 2015,D,"","","",Ato penitencial / Quaresma
SENHOR TENDE PIEDADE E PERDOAI A NOSSA CULPA,Padre Marcelo Rossi,Padre Marcelo Rossi,"","","","",Ato penitencial / reconciliação
"SENHOR, MEU DEUS, QUANDO EU MARAVILHADO",Adaptação de How Great Thou Art; melodia tradicional sueca,CNBB / Música Litúrgica,"","","",https://www.youtube.com/results?search_query=CNBB+%2F+M%C3%BAsica+Lit%C3%BArgica+SENHOR%2C+MEU+DEUS%2C+QUANDO+EU+MARAVILHADO,Canto final / Santíssima Trindade / louvor final
"SENHOR, TENDE PIEDADE DE NÓS",Léo Mantovani,Léo Mantovani,D,"","","",Ato penitencial / reconciliação
"SENHOR, VEM DAR-NOS SABEDORIA",Ir. Míria T. Kolling; Pe. Lúcio Floro,CNBB / Música Litúrgica,"","","",https://www.youtube.com/watch?v=_U7vorWxnXw,Pentecostes / Comunhão / dons do Espírito
"SEQUÊNCIA DE PENTECOSTES - VINDE, ESPÍRITO DIVINO",Sequência litúrgica de Pentecostes,CNBB / Música Litúrgica,"","","",https://www.youtube.com/results?search_query=CNBB+%2F+M%C3%BAsica+Lit%C3%BArgica+SEQU%C3%8ANCIA+DE+PENTECOSTES+-+VINDE%2C+ESP%C3%8DRITO+DIVINO,Pentecostes / sequência litúrgica Veni Sancte Spiritus
SER SHALOM É SER FELIZ,Comunidade Católica Shalom,Comunidade Católica Shalom,E,https://www.cifraclub.com.br/comunidade-catolica-shalom/ser-shalom-e-ser-feliz/,https://www.cifraclub.com.br/comunidade-catolica-shalom/ser-shalom-e-ser-feliz/,https://www.youtube.com/results?search_query=Comunidade+Cat%C3%B3lica+Shalom+SER+SHALOM+%C3%89+SER+FELIZ,Vocação / carisma / missão
SEREI TEU,Ministério Missionário Shalom,Ministério Missionário Shalom,"",https://www.cifraclub.com.br/missionario-shalom/serei-teu/,https://www.cifraclub.com.br/missionario-shalom/serei-teu/,https://www.youtube.com/results?search_query=Ministério+Missionário+Shalom+Serei+Teu,Pós-comunhão / oração / ação de graças
SINAL DO MEU AMOR,Davidson Silva,Davidson Silva,"",https://www.cifraclub.com.br/davidson-silva/sinal-do-meu-amor/,https://www.cifraclub.com.br/davidson-silva/sinal-do-meu-amor/,https://www.youtube.com/results?search_query=Davidson+Silva+Sinal+do+Meu+Amor,Pós-comunhão / oração / ação de graças
SOBE A JERUSALÉM,Valdeci Farias; Dom Carlos Alberto Navarro,Músicas Católicas,D,https://www.cifraclub.com.br/catolicas/sobe-jerusalem/,https://www.cifraclub.com.br/catolicas/sobe-jerusalem/,"",Apresentação das oferendas / Oferta e oblação; celebrações marianas
SOIS O CAMINHO,Comunidade Católica Shalom,Comunidade Católica Shalom,C,https://www.cifraclub.com.br/comunidade-catolica-shalom/sois-o-caminho/,https://www.cifraclub.com.br/comunidade-catolica-shalom/sois-o-caminho/,https://www.youtube.com/results?search_query=Comunidade+Católica+Shalom+Sois+o+Caminho,Pós-comunhão / oração / ação de graças
SOPRA EM MEU JARDIM,Comunidade Católica Shalom,Comunidade Católica Shalom,C,https://www.cifraclub.com.br/comunidade-catolica-shalom/sopra-em-meu-jardim/,https://www.cifraclub.com.br/comunidade-catolica-shalom/sopra-em-meu-jardim/,https://www.youtube.com/results?search_query=Comunidade+Católica+Shalom+Sopra+em+Meu+Jardim,Pós-comunhão / oração / ação de graças
SOU DE DEUS,Ministério Amor e Adoração,Ministério Amor e Adoração,"",https://www.cifraclub.com.br/ministerio-amor-e-adoracao/sou-de-deus/,https://www.cifraclub.com.br/ministerio-amor-e-adoracao/sou-de-deus/,https://www.youtube.com/results?search_query=Ministério+Amor+e+Adoração+Sou+de+Deus,Pós-comunhão / oração / ação de graças
SOU SÓ TEU,Davidson Silva,Davidson Silva,"",https://www.cifraclub.com.br/davidson-silva/sou-so-teu/,https://www.cifraclub.com.br/davidson-silva/sou-so-teu/,https://www.youtube.com/results?search_query=Davidson+Silva+Sou+Só+Teu,Pós-comunhão / oração / ação de graças
SUFICIENTE PARA MIM,Ministério Missionário Shalom,Ministério Missionário Shalom,"",https://www.cifraclub.com.br/missionario-shalom/suficiente-para-mim/,https://www.cifraclub.com.br/missionario-shalom/suficiente-para-mim/,https://www.youtube.com/results?search_query=Ministério+Missionário+Shalom+Suficiente+Para+Mim,Pós-comunhão / oração / ação de graças
"SUSCITAI, Ó SENHOR DEUS",Fr. Joel Postma,CNBB / Música Litúrgica,"","","",https://www.youtube.com/watch?v=S6MSn1NN0po,Apresentação das oferendas / Pentecostes
SÃO FILHOS DE DEUS,Reginaldo Veloso; José Américo Lacerda Jr.; Geraldo Leite Bastos,CNBB / Música Litúrgica,"","","",https://www.youtube.com/watch?v=v-hSpzp-na8,"Comunhão / Santíssima Trindade / Gl 4,6"
SÓ ADORAR,Comunidade Católica Shalom,Comunidade Católica Shalom,"",https://www.cifraclub.com.br/comunidade-catolica-shalom/so-adorar/,https://www.cifraclub.com.br/comunidade-catolica-shalom/so-adorar/,https://www.youtube.com/results?search_query=Comunidade+Católica+Shalom+Só+Adorar,Adoração
SÓ EM TI,Adriana Arydes,Adriana Arydes,"",https://www.cifraclub.com.br/adriana/so-em-ti/,https://www.cifraclub.com.br/adriana/so-em-ti/,https://www.youtube.com/results?search_query=Adriana+Arydes+Só+em+Ti,Pós-comunhão / oração / ação de graças
"SÓ POR TI, JESUS",Davidson Silva,Davidson Silva,"",https://www.cifraclub.com.br/davidson-silva/so-por-ti-jesus/,https://www.cifraclub.com.br/davidson-silva/so-por-ti-jesus/,"https://www.youtube.com/results?search_query=Davidson+Silva+Só+Por+Ti,+Jesus",Pós-comunhão / oração / ação de graças
SÓ QUERO A TI,Ministério Amor e Adoração,Ministério Amor e Adoração,"",https://www.cifraclub.com.br/ministerio-amor-e-adoracao/so-quero-a-ti/,https://www.cifraclub.com.br/ministerio-amor-e-adoracao/so-quero-a-ti/,https://www.youtube.com/results?search_query=Ministério+Amor+e+Adoração+Só+Quero+a+Ti,Pós-comunhão / oração / ação de graças
SÓ TU ÉS SANTO,Comunidade Católica Shalom,Comunidade Católica Shalom,"",https://www.cifraclub.com.br/comunidade-catolica-shalom/so-tu-es-santo/,https://www.cifraclub.com.br/comunidade-catolica-shalom/so-tu-es-santo/,https://www.youtube.com/results?search_query=Comunidade+Católica+Shalom+Só+Tu+És+Santo,Santo
SÓLO TU,Davidson Silva,Davidson Silva,"",https://www.cifraclub.com.br/davidson-silva/solo-tu/,https://www.cifraclub.com.br/davidson-silva/solo-tu/,https://www.youtube.com/results?search_query=Davidson+Silva+Sólo+Tu,Pós-comunhão / oração / ação de graças
SÚPLICA AO ESPÍRITO SANTO,Frei Luiz Turra,Frei Luiz Turra,"","","",https://www.youtube.com/watch?v=fOKcVXWNszE,Pentecostes / súplica ao Espírito Santo
TANTO DEUS AMOU O MUNDO,"Pe. José Weber, SVD","Pe. José Weber, SVD","","","","","Comunhão / Exaltação da Santa Cruz / Jo 3,16"
TE ENCONTRAREI,Ministério Amor e Adoração,Ministério Amor e Adoração,"",https://www.cifraclub.com.br/ministerio-amor-e-adoracao/te-encontrarei/,https://www.cifraclub.com.br/ministerio-amor-e-adoracao/te-encontrarei/,https://www.youtube.com/results?search_query=Ministério+Amor+e+Adoração+Te+Encontrarei,Pós-comunhão / oração / ação de graças
"TENDE COMPAIXÃO DE NÓS, SENHOR",Missal Romano; Frei José Luiz Prim OFM,CNBB - Setor Música Litúrgica,C,"","","",Ato penitencial / 2ª fórmula / Quaresma
TENDE PIEDADE,Ministério Amor e Adoração,Ministério Amor e Adoração,"",https://www.cifraclub.com.br/ministerio-amor-e-adoracao/tende-piedade/,https://www.cifraclub.com.br/ministerio-amor-e-adoracao/tende-piedade/,https://www.youtube.com/results?search_query=Ministério+Amor+e+Adoração+Tende+Piedade,Ato penitencial
TESOURO E HERANÇA,Comunidade Católica Shalom,Comunidade Católica Shalom,"",https://www.cifraclub.com.br/comunidade-catolica-shalom/tesouro-e-heranca/,https://www.cifraclub.com.br/comunidade-catolica-shalom/tesouro-e-heranca/,https://www.youtube.com/results?search_query=Comunidade+Católica+Shalom+Tesouro+e+Herança,Pós-comunhão / oração / ação de graças
TEU ABRAÇO,Frei Gilson,Frei Gilson,B,https://www.cifraclub.com.br/frei-gilson/teu-abraco/,https://www.cifraclub.com.br/frei-gilson/teu-abraco/,https://www.youtube.com/results?search_query=Frei+Gilson+TEU+ABRA%C3%87O,Consolo / amor de Deus
TEU AMOR,Adriana Arydes,Adriana Arydes,"",https://www.cifraclub.com.br/adriana/teu-amor/,https://www.cifraclub.com.br/adriana/teu-amor/,https://www.youtube.com/results?search_query=Adriana+Arydes+Teu+Amor,Pós-comunhão / oração / ação de graças
TEU AMOR ME SUSTENTARÁ,Ministério Missionário Shalom,Ministério Missionário Shalom,"",https://www.cifraclub.com.br/missionario-shalom/teu-amor-me-sustentara/,https://www.cifraclub.com.br/missionario-shalom/teu-amor-me-sustentara/,https://www.youtube.com/results?search_query=Ministério+Missionário+Shalom+Teu+Amor+Me+Sustentará,Pós-comunhão / oração / ação de graças
TODA ADORAÇÃO,Gustavo Osterno; Pedro Ivo; Guilherme Pontes; Keciane Lima,Comunidade Católica Shalom,G,https://www.cifraclub.com.br/comunidade-catolica-shalom/toda-adoracao/,https://www.cifraclub.com.br/comunidade-catolica-shalom/toda-adoracao/,https://www.youtube.com/results?search_query=Comunidade+Cat%C3%B3lica+Shalom+TODA+ADORA%C3%87%C3%83O,Pós-comunhão / adoração e louvor
TODO DIA,Ministério Amor e Adoração,Ministério Amor e Adoração,"",https://www.cifraclub.com.br/ministerio-amor-e-adoracao/todo-dia/,https://www.cifraclub.com.br/ministerio-amor-e-adoracao/todo-dia/,https://www.youtube.com/results?search_query=Ministério+Amor+e+Adoração+Todo+Dia,Pós-comunhão / oração / ação de graças
TODO O QUE VIVE E CRÊ EM MIM,"Pe. José Weber, SVD","Pe. José Weber, SVD","","","","","Comunhão / Exaltação da Santa Cruz / Jo 11,26"
TODO TEU,Ministério Missionário Shalom,Ministério Missionário Shalom,D,https://www.cifraclub.com.br/missionario-shalom/todo-teu/,https://www.cifraclub.com.br/missionario-shalom/todo-teu/,https://www.youtube.com/results?search_query=Ministério+Missionário+Shalom+Todo+Teu,Pós-comunhão / oração / ação de graças
TODOS FICARAM CHEIOS,Frei Wanderson Freitas,CNBB / Música Litúrgica,"","","",https://www.youtube.com/watch?v=_gEnacvnn5Y,Pentecostes / Comunhão
TODOS FICARAM CHEIOS DO ESPÍRITO SANTO,"Frei Joel Postma, OFM",CNBB / Música Litúrgica,"","","",https://www.youtube.com/watch?v=qDXYr0efhaA,Pentecostes / Comunhão
TODOS OS MOTIVOS,Ministério Amor e Adoração,Ministério Amor e Adoração,"",https://www.cifraclub.com.br/ministerio-amor-e-adoracao/todos-os-motivos/,https://www.cifraclub.com.br/ministerio-amor-e-adoracao/todos-os-motivos/,https://www.youtube.com/results?search_query=Ministério+Amor+e+Adoração+Todos+Os+Motivos,Pós-comunhão / oração / ação de graças
TOMÉ,Davidson Silva,Davidson Silva,"",https://www.cifraclub.com.br/davidson-silva/tome/,https://www.cifraclub.com.br/davidson-silva/tome/,https://www.youtube.com/results?search_query=Davidson+Silva+Tomé,Pós-comunhão / oração / ação de graças
TOTUS TUUS,Comunidade Católica Shalom,Comunidade Católica Shalom,"","","",https://www.youtube.com/results?search_query=Comunidade+Cat%C3%B3lica+Shalom+TOTUS+TUUS,Mariana / consagração a Nossa Senhora
TU ÉS A VIDA,Davidson Silva,Davidson Silva,"",https://www.cifraclub.com.br/davidson-silva/tu-es-a-vida/,https://www.cifraclub.com.br/davidson-silva/tu-es-a-vida/,https://www.youtube.com/results?search_query=Davidson+Silva+Tu+És+a+Vida,Pós-comunhão / oração / ação de graças
TU ÉS O CENTRO,Frei Gilson,Frei Gilson,F,https://www.letras.mus.br/frei-gilson/3259766/,https://www.cifraclub.com.br/frei-gilson/tu-es-o-centro/,https://www.youtube.com/watch?v=FURNjcDNVd4,Adoração
TU ÉS REI,Ministério Amor e Adoração,Ministério Amor e Adoração,"",https://www.cifraclub.com.br/ministerio-amor-e-adoracao/tu-es-rei/,https://www.cifraclub.com.br/ministerio-amor-e-adoracao/tu-es-rei/,https://www.youtube.com/results?search_query=Ministério+Amor+e+Adoração+Tu+És+Rei,Pós-comunhão / oração / ação de graças
TUA PALAVRA,Comunidade Católica Shalom,Comunidade Católica Shalom,D,https://www.cifraclub.com.br/comunidade-catolica-shalom/tua-palavra/,https://www.cifraclub.com.br/comunidade-catolica-shalom/tua-palavra/,https://www.youtube.com/results?search_query=Comunidade+Católica+Shalom+Tua+Palavra,Aclamação / Palavra
"TUDO O QUE É DO PAI, TAMBÉM É MEU","Pe. José Weber, SVD","Pe. José Weber, SVD","","","",https://www.youtube.com/watch?v=8LbG53_aVLw,"Comunhão / Santíssima Trindade / Jo 16,15"
TUDO POSSO,Adriana Arydes,Adriana Arydes,"",https://www.cifraclub.com.br/adriana/tudo-posso/,https://www.cifraclub.com.br/adriana/tudo-posso/,https://www.youtube.com/results?search_query=Adriana+Arydes+Tudo+Posso,Pós-comunhão / oração / ação de graças
TUDO É DO PAI,Padre Fábio de Melo,Padre Fábio de Melo,"",https://www.cifraclub.com.br/pe-fabio-de-melo/tudo-e-do-pai/,https://www.cifraclub.com.br/pe-fabio-de-melo/tudo-e-do-pai/,https://www.youtube.com/results?search_query=Padre+Fábio+de+Melo+Tudo+É+do+Pai,Pós-comunhão / oração / ação de graças
TÃO DENTRO DE MIM,Davidson Silva,Davidson Silva,"",https://www.cifraclub.com.br/davidson-silva/tao-dentro-de-mim/,https://www.cifraclub.com.br/davidson-silva/tao-dentro-de-mim/,https://www.youtube.com/results?search_query=Davidson+Silva+Tão+Dentro+de+Mim,Pós-comunhão / oração / ação de graças
TÚ ÉS O TUDO,Davidson Silva,Davidson Silva,"",https://www.cifraclub.com.br/davidson-silva/tu-es-o-tudo/,https://www.cifraclub.com.br/davidson-silva/tu-es-o-tudo/,https://www.youtube.com/results?search_query=Davidson+Silva+Tú+És+o+Tudo,Pós-comunhão / oração / ação de graças
UM CERTO GALILEU - MARIA DE NAZARÉ,"Pe. Zezinho, SCJ",Padre Zezinho,"","","",https://www.youtube.com/results?search_query=Padre+Zezinho+UM+CERTO+GALILEU+-+MARIA+DE+NAZAR%C3%89,Mariana / contemplação de Maria de Nazaré
UM CORAÇÃO PARA AMAR,"Pe. Zezinho, SCJ",Padre Zezinho,G,https://www.cifraclub.com.br/padre-zezinho/um-coracao-para-amar/,https://www.cifraclub.com.br/padre-zezinho/um-coracao-para-amar/,"",Apresentação das oferendas / Oferta do coração e da vida
UM CÁLICE FOI LEVANTADO,Reginaldo Veloso,Reginaldo Veloso,"","","",https://www.youtube.com/watch?v=1rRKBzmG0xI,Comunhão / cálice e ação de graças / Hinário Litúrgico da CNBB
UM MENINO NASCEU PARA NÓS,"","","","","","",Entrada / Natal - Missa do Dia
UM SÓ CORPO,Comunidade Católica Shalom,Comunidade Católica Shalom,"",https://www.cifraclub.com.br/comunidade-catolica-shalom/um-so-corpo/,https://www.cifraclub.com.br/comunidade-catolica-shalom/um-so-corpo/,https://www.youtube.com/results?search_query=Comunidade+Católica+Shalom+Um+Só+Corpo,Pós-comunhão / oração / ação de graças
UMA REVOLUÇÃO,Ministério Missionário Shalom,Ministério Missionário Shalom,"",https://www.cifraclub.com.br/missionario-shalom/uma-revolucao/,https://www.cifraclub.com.br/missionario-shalom/uma-revolucao/,https://www.youtube.com/results?search_query=Ministério+Missionário+Shalom+Uma+Revolução,Envio / encerramento
VAMOS CELEBRAR,Carlos Eduardo Da Silva; Maria Eduarda Nascimento Vieira Da Cunha; Pitter Di Laura,Ministério Amor e Adoração,E,https://www.letras.mus.br/ministerio-amor-e-adoracao/1882954/,https://www.cifraclub.com.br/ministerio-amor-e-adoracao/vamos-celebrar/,https://www.youtube.com/watch?v=ikE9eCKZshs,Canto de entrada/louvor
VAMOS TODOS LOUVAR JUNTOS,São Tomás de Aquino; Missal Romano; música: Ir. Míria T. Kolling,Ir. Míria T. Kolling,"","","",https://www.youtube.com/watch?v=2wXJeC2O9AQ,Louvor final / Corpus Christi / adoração e procissão
VAMOS TODOS LOUVAR JUNTOS - FREI TELLES,"São Tomás de Aquino; Missal Romano; música: Frei Telles Ramon, O. de M.","Frei Telles Ramon, O. de M.","","","",https://www.youtube.com/watch?v=VdWDDJ2MWzo,Louvor final / Corpus Christi / adoração e procissão
VEM E NÃO DEMORES,Estevão Bruyland,CNBB / Música Litúrgica,"","","",https://www.youtube.com/watch?v=J4tr5vjOenw,Pentecostes / súplica ao Espírito Santo
VEM ESPÍRITO DE DEUS,Canção Nova,Canção Nova,"",https://www.cifraclub.com.br/cancao-nova/vem-espirito-de-deus/,https://www.cifraclub.com.br/cancao-nova/vem-espirito-de-deus/,https://www.youtube.com/results?search_query=Canção+Nova+Vem+Espírito+de+Deus,Invocação ao Espírito Santo
VEM ESPÍRITO SANTO,Davidson Silva,Davidson Silva,"",https://www.cifraclub.com.br/davidson-silva/vem-espirito-santo/,https://www.cifraclub.com.br/davidson-silva/vem-espirito-santo/,https://www.youtube.com/results?search_query=Davidson+Silva+Vem+Espírito+Santo,Santo
VEM NOS VISITAR,Comunidade Católica Shalom,Comunidade Católica Shalom,"",https://www.cifraclub.com.br/comunidade-catolica-shalom/vem-nos-visitar/,https://www.cifraclub.com.br/comunidade-catolica-shalom/vem-nos-visitar/,https://www.youtube.com/results?search_query=Comunidade+Católica+Shalom+Vem+nos+Visitar,Pós-comunhão / oração / ação de graças
VEM QUEIMAR O NOSSO CORAÇÃO,Frei Gilson,Frei Gilson,C,https://www.letras.mus.br/frei-gilson/3143219/,https://www.cifraclub.com.br/frei-gilson/vem-queimar-o-nosso-coracao/,"",Invocação ao Espírito Santo
VEM SANTÍSSIMA TRINDADE,José Acácio,José Acácio,"","","",https://www.youtube.com/watch?v=B9JYvqMVnC8,Entrada / Santíssima Trindade
VEM SENHOR,Adriana Arydes,Adriana Arydes,"",https://www.cifraclub.com.br/adriana/vem-senhor/,https://www.cifraclub.com.br/adriana/vem-senhor/,https://www.youtube.com/results?search_query=Adriana+Arydes+Vem+Senhor,Pós-comunhão / oração / ação de graças
"VEM, ESPÍRITO DE AMOR",Ministério Amor e Adoração,Ministério Amor e Adoração,"","","",https://www.youtube.com/results?search_query=Minist%C3%A9rio+Amor+e+Adora%C3%A7%C3%A3o+VEM%2C+ESP%C3%8DRITO+DE+AMOR,Invocação ao Espírito Santo / amor de Deus
"VEM, ESPÍRITO DE DEUS",Repertório católico,Músicas Católicas,"","","",https://www.youtube.com/results?search_query=M%C3%BAsicas+Cat%C3%B3licas+VEM%2C+ESP%C3%8DRITO+DE+DEUS,Invocação ao Espírito Santo
"VEM, ESPÍRITO DE LUZ",André Zamur; Pe. Lúcio Floro,CNBB / Música Litúrgica,"","","",https://www.youtube.com/watch?v=QKUQ-XR4MsU,Canto final / Pentecostes
"VEM, ESPÍRITO SANTO",Renato Borges Neto; Kito Moura,Comunidade Católica Shalom,F#,https://www.cifraclub.com.br/comunidade-catolica-shalom/vem-espirito-santo/,https://www.cifraclub.com.br/comunidade-catolica-shalom/vem-espirito-santo/,https://www.youtube.com/results?search_query=Comunidade+Cat%C3%B3lica+Shalom+VEM%2C+ESP%C3%8DRITO+SANTO,Invocação ao Espírito Santo / oração e renovação
"VEM, ESPÍRITO SANTO, VEM",Repertório católico,Músicas Católicas,"","","",https://www.youtube.com/results?search_query=M%C3%BAsicas+Cat%C3%B3licas+VEM%2C+ESP%C3%8DRITO+SANTO%2C+VEM,Invocação ao Espírito Santo
"VEM, ESPÍRITO SANTO, VEM!",D.R.,CNBB / Música Litúrgica,"","","",https://www.youtube.com/results?search_query=CNBB+%2F+M%C3%BAsica+Lit%C3%BArgica+VEM%2C+ESP%C3%8DRITO+SANTO%2C+VEM%21,Canto final / Pentecostes
VENHAM TODOS PARA A CEIA DO SENHOR,Dom Carlos A.,Dom Carlos A.,"","","","",Entrada / Corpus Christi
VENHO TE ADORAR,Comunidade Católica Shalom,Comunidade Católica Shalom,"",https://www.cifraclub.com.br/comunidade-catolica-shalom/venho-te-adorar/,https://www.cifraclub.com.br/comunidade-catolica-shalom/venho-te-adorar/,https://www.youtube.com/results?search_query=Comunidade+Católica+Shalom+Venho+Te+Adorar,Adoração
VERBUM PANIS,Ministério Amor e Adoração,Ministério Amor e Adoração,Em,https://www.letras.mus.br/ministerio-amor-e-adoracao/1943039/,https://www.cifraclub.com.br/ministerio-amor-e-adoracao/verbum-panis/,"",Comunhão / Eucaristia
VIDA,Adriana Arydes,Adriana Arydes,"",https://www.cifraclub.com.br/adriana/vida/,https://www.cifraclub.com.br/adriana/vida/,https://www.youtube.com/results?search_query=Adriana+Arydes+Vida,Pós-comunhão / oração / ação de graças
VINDE TODOS ADOREMOS,Ministério Amor e Adoração,Ministério Amor e Adoração,"",https://www.cifraclub.com.br/ministerio-amor-e-adoracao/vinde-todos-adoremos/,https://www.cifraclub.com.br/ministerio-amor-e-adoracao/vinde-todos-adoremos/,https://www.youtube.com/results?search_query=Ministério+Amor+e+Adoração+Vinde+Todos+Adoremos,Adoração
"VINDE, ESPÍRITO SANTO",Repertório católico tradicional,Músicas Católicas,"","","",https://www.youtube.com/results?search_query=M%C3%BAsicas+Cat%C3%B3licas+VINDE%2C+ESP%C3%8DRITO+SANTO,Invocação ao Espírito Santo
"VINDE, ESPÍRITO SANTO, ENCHEI OS CORAÇÕES",Repertório católico tradicional,Músicas Católicas,"","","",https://www.youtube.com/results?search_query=M%C3%BAsicas+Cat%C3%B3licas+VINDE%2C+ESP%C3%8DRITO+SANTO%2C+ENCHEI+OS+CORA%C3%87%C3%95ES,Invocação tradicional ao Espírito Santo
"VINDE, Ó ESPÍRITO SANTO",Sequência litúrgica / repertório católico,Músicas Católicas,"","","",https://www.youtube.com/results?search_query=M%C3%BAsicas+Cat%C3%B3licas+VINDE%2C+%C3%93+ESP%C3%8DRITO+SANTO,Pentecostes / sequência e invocação
VINDES TODOS ADOREMOS,Ministério Amor e Adoração,Ministério Amor e Adoração,"","","",https://www.youtube.com/results?search_query=Minist%C3%A9rio+Amor+e+Adora%C3%A7%C3%A3o+VINDES+TODOS+ADOREMOS,Adoração / convite à adoração
VIVA A MÃE DE DEUS E NOSSA,Repertório católico tradicional,Músicas Católicas,"","","",https://www.youtube.com/results?search_query=M%C3%BAsicas+Cat%C3%B3licas+VIVA+A+M%C3%83E+DE+DEUS+E+NOSSA,Mariana / Nossa Senhora Aparecida
"VIVA CRISTO, NA HÓSTIA SAGRADA",CNBB / Música Litúrgica,CNBB / Música Litúrgica,"","","",https://www.youtube.com/watch?v=CgYUN2Ju-1Q,Louvor final / Corpus Christi / adoração
VIVER DE AMOR,Comunidade Católica Shalom,Comunidade Católica Shalom,"",https://www.cifraclub.com.br/comunidade-catolica-shalom/viver-de-amor/,https://www.cifraclub.com.br/comunidade-catolica-shalom/viver-de-amor/,https://www.youtube.com/results?search_query=Comunidade+Católica+Shalom+Viver+de+Amor,Pós-comunhão / oração / ação de graças
VIVER E MORRER,Comunidade Católica Shalom,Comunidade Católica Shalom,"",https://www.cifraclub.com.br/comunidade-catolica-shalom/viver-e-morrer/,https://www.cifraclub.com.br/comunidade-catolica-shalom/viver-e-morrer/,https://www.youtube.com/results?search_query=Comunidade+Católica+Shalom+Viver+e+Morrer,Pós-comunhão / oração / ação de graças
VIVER PRA MIM É CRISTO,Padre Fábio de Melo,Padre Fábio de Melo,"",https://www.cifraclub.com.br/pe-fabio-de-melo/viver-pra-mim-e-cristo/,https://www.cifraclub.com.br/pe-fabio-de-melo/viver-pra-mim-e-cristo/,https://www.youtube.com/results?search_query=Padre+Fábio+de+Melo+Viver+Pra+Mim+É+Cristo,Pós-comunhão / oração / ação de graças
VIVO DE MISERICÓRDIA,Comunidade Católica Shalom,Comunidade Católica Shalom,"",https://www.cifraclub.com.br/comunidade-catolica-shalom/vivo-de-misericordia/,https://www.cifraclub.com.br/comunidade-catolica-shalom/vivo-de-misericordia/,https://www.youtube.com/results?search_query=Comunidade+Católica+Shalom+Vivo+de+Misericórdia,Ato penitencial
"VOCÊS SÃO DE DEUS, FILHOS",Pe. Geraldo Leite,Pe. Geraldo Leite,"","","",https://www.youtube.com/watch?v=kQkLb16RyjY,Comunhão / Santíssima Trindade / Hinário Litúrgico da CNBB
VOLTEI,Ministério Amor e Adoração,Ministério Amor e Adoração,"",https://www.cifraclub.com.br/ministerio-amor-e-adoracao/voltei/,https://www.cifraclub.com.br/ministerio-amor-e-adoracao/voltei/,https://www.youtube.com/results?search_query=Ministério+Amor+e+Adoração+Voltei,Pós-comunhão / oração / ação de graças
VOU CANTAR TEU AMOR,Padre Fábio de Melo,Padre Fábio de Melo,"",https://www.cifraclub.com.br/pe-fabio-de-melo/vou-cantar-teu-amor/,https://www.cifraclub.com.br/pe-fabio-de-melo/vou-cantar-teu-amor/,https://www.youtube.com/results?search_query=Padre+Fábio+de+Melo+Vou+Cantar+Teu+Amor,Pós-comunhão / oração / ação de graças
VOU SUBIR MAIS ALTO,Ministério Amor e Adoração,Ministério Amor e Adoração,"",https://www.cifraclub.com.br/ministerio-amor-e-adoracao/vou-subir-mais-alto/,https://www.cifraclub.com.br/ministerio-amor-e-adoracao/vou-subir-mais-alto/,https://www.youtube.com/results?search_query=Ministério+Amor+e+Adoração+Vou+Subir+Mais+Alto,Pós-comunhão / oração / ação de graças
VOU VOAR,Comunidade Católica Shalom,Comunidade Católica Shalom,"",https://www.cifraclub.com.br/comunidade-catolica-shalom/vou-voar/,https://www.cifraclub.com.br/comunidade-catolica-shalom/vou-voar/,https://www.youtube.com/results?search_query=Comunidade+Católica+Shalom+Vou+Voar,Pós-comunhão / oração / ação de graças
VOU VOLTAR,Davidson Silva,Davidson Silva,"",https://www.cifraclub.com.br/davidson-silva/vou-voltar/,https://www.cifraclub.com.br/davidson-silva/vou-voltar/,https://www.youtube.com/results?search_query=Davidson+Silva+Vou+Voltar,Pós-comunhão / oração / ação de graças
"VÓS SOIS DIGNO, SENHOR NOSSO DEUS","","","","","",https://www.youtube.com/watch?v=CUkN5uEQVo0,Entrada / Corpus Christi
"VÓS SOIS O CAMINHO, A VERDADE, A VIDA",Pe. A. Vigne,CNBB / Música Litúrgica,"","","",https://www.youtube.com/watch?v=bW0aOJBPKtc,"Comunhão / Cristo caminho, verdade e vida"
VÓS TODAS AS OBRAS DO SENHOR,Joseph Gelineau,Joseph Gelineau,"","","","","Comunhão / Santos Arcanjos / Daniel 3,57-88"
À CASA DO PAI,Comunidade Católica Shalom,Comunidade Católica Shalom,"",https://www.cifraclub.com.br/comunidade-catolica-shalom/a-casa-do-pai/,https://www.cifraclub.com.br/comunidade-catolica-shalom/a-casa-do-pai/,https://www.youtube.com/results?search_query=Comunidade+Católica+Shalom+À+Casa+do+Pai,Pós-comunhão / oração / ação de graças
É COMO A CHUVA QUE LAVA,Padre Zezinho,Padre Zezinho,"","","","",Entrada / Palavra de Deus
É GRANDE O SENHOR,"José Thomaz Filho; música: Frei Fabreti, OFM","Frei Fabreti, OFM","","","","",Apresentação das oferendas / Assunção de Nossa Senhora
É TEMPO DE CONVERSÃO,Canção Nova,Canção Nova,"",https://www.cifraclub.com.br/cancao-nova/e-tempo-de-conversao/,https://www.cifraclub.com.br/cancao-nova/e-tempo-de-conversao/,https://www.youtube.com/results?search_query=Canção+Nova+É+Tempo+de+Conversão,Ato penitencial
ÉS A ESCOLHIDA,Ministério Amor e Adoração,Ministério Amor e Adoração,"",https://www.cifraclub.com.br/ministerio-amor-e-adoracao/es-a-escolhida/,https://www.cifraclub.com.br/ministerio-amor-e-adoracao/es-a-escolhida/,https://www.youtube.com/results?search_query=Ministério+Amor+e+Adoração+És+a+Escolhida,Mariana
ÉS A MINHA MÃE,Ministério Amor e Adoração,Ministério Amor e Adoração,"",https://www.cifraclub.com.br/ministerio-amor-e-adoracao/es-a-minha-mae/,https://www.cifraclub.com.br/ministerio-amor-e-adoracao/es-a-minha-mae/,https://www.youtube.com/results?search_query=Ministério+Amor+e+Adoração+És+a+Minha+Mãe,Mariana
ÉS A NOSSA VIDA,Ministério Missionário Shalom,Ministério Missionário Shalom,D,https://www.cifraclub.com.br/missionario-shalom/es-a-nossa-vida/,https://www.cifraclub.com.br/missionario-shalom/es-a-nossa-vida/,https://www.youtube.com/results?search_query=Ministério+Missionário+Shalom+És+a+Nossa+Vida,Pós-comunhão / oração / ação de graças
Ó DEUS VIVO,Pe. José Weber,Pe. José Weber,"","","",https://www.youtube.com/watch?v=fHWfyVu-pdo,Entrada / Santíssima Trindade
Ó MARIA CONCEBIDA SEM PECADO,Repertório católico tradicional,Músicas Católicas,"","","",https://www.youtube.com/results?search_query=M%C3%BAsicas+Cat%C3%B3licas+%C3%93+MARIA+CONCEBIDA+SEM+PECADO,Mariana / Imaculada Conceição
Ó PAI QUE PELO ESPÍRITO,"Frei Fabreti, OFM",CNBB / Música Litúrgica,"","","",https://www.youtube.com/watch?v=gOLwiuzlwoc,Apresentação das oferendas / Pentecostes
"Ó SENHOR, TENDE PIEDADE",Ministério Amor e Adoração,Ministério Amor e Adoração,D,https://www.cifraclub.com.br/ministerio-amor-e-adoracao/o-senhor-tende-piedade/,https://www.cifraclub.com.br/ministerio-amor-e-adoracao/o-senhor-tende-piedade/,"",Ato penitencial
"Ó VEM, DIVINO CRIADOR",Jaci Maraschin,CNBB / Música Litúrgica,"","","",https://www.youtube.com/watch?v=C7Svq83HlYE,Pentecostes / invocação ao Espírito Criador
